posx,posz,time
1.0,3.0,1226
1.0,3.0,1377
1.0,3.0,1403
0.90119475,3.3772564,1417
1.062963,3.8409069,1430
1.2576662,4.1788054,1445
1.5172707,4.629337,1458
1.6470729,4.8546023,1470
1.8828429,5.1652427,1484
2.197203,5.5794296,1498
2.6687427,6.20071,1651
2.6687427,6.20071,1664
2.6687427,6.20071,1820
2.6687427,6.20071,2614
2.6687427,6.20071,2635
2.6687427,6.20071,2647
2.6687427,6.20071,2803
2.6687427,6.20071,3601
2.6687427,6.20071,3615
2.6687427,6.20071,3629
2.6687427,6.20071,3777
2.6687427,6.20071,3789
2.6687427,6.20071,3945
2.6687427,6.20071,4659
2.6687427,6.20071,4676
2.6687427,6.20071,4689
3.0587232,6.20071,4702
3.4487038,6.20071,4715
3.9686778,6.20071,4876
3.9686778,6.20071,5634
3.9686778,6.20071,5648
3.5844371,6.2673736,5670
3.2001967,6.3340373,5683
2.9014068,6.7068906,5697
2.7306967,7.057523,5710
2.5599868,7.408155,5724
2.44618,7.6419096,5738
2.4151256,8.030652,5752
2.0363467,8.079977,5766
1.7958361,8.079977,5781
1.7958361,8.079977,5795
1.7958361,8.079977,5808
1.7958361,8.079977,5821
1.7958361,8.079977,5834
1.7958361,8.079977,5846
1.7958361,8.079977,5858
1.7958361,8.079977,5872
1.7958361,8.079977,5886
1.7958361,8.079977,5900
1.7958361,8.079977,5914
1.7958361,8.079977,5928
1.7958361,8.079977,5942
1.7958361,8.079977,5955
1.7958361,8.079977,5969
1.7958361,8.079977,5981
1.7958361,8.079977,5993
1.7958361,8.079977,6006
1.7958361,8.079977,6020
1.7958361,8.079977,6033
1.7958361,8.079977,6045
1.7958361,8.079977,6057
1.7958361,8.079977,6070
1.7958361,8.079977,6082
1.7958361,8.079977,6094
1.7958361,8.079977,6107
1.7958361,8.079977,6120
1.7958361,8.079977,6133
1.7958361,8.079977,6146
1.7958361,8.079977,6159
1.7958361,8.079977,6173
1.7958361,8.079977,6187
1.7958361,8.079977,6200
1.7958361,8.079977,6214
1.7958361,8.079977,6227
1.7958361,8.079977,6240
1.7958361,8.079977,6252
1.7958361,8.079977,6265
1.7958361,8.079977,6277
1.7958361,8.079977,6290
1.7958361,8.079977,6301
1.7958361,8.079977,6314
1.7958361,8.079977,6327
1.7958361,8.079977,6341
1.7958361,8.079977,6355
1.7958361,8.079977,6369
1.7958361,8.079977,6383
1.7958361,8.079977,6397
1.7958361,8.079977,6410
1.7958361,8.079977,6423
1.7958361,8.079977,6438
1.7958361,8.079977,6452
1.7958361,8.079977,6617
1.7958361,8.079977,7340
1.7958361,8.079977,7354
1.7958361,8.079977,7368
1.7958361,8.079977,7528
1.7958361,8.079977,8340
1.7958361,8.079977,8352
2.1573918,7.933819,8365
2.3120487,7.575816,8378
2.4667056,7.217813,8392
2.6213622,6.8598104,8407
2.7244668,6.621142,8421
2.869647,6.259192,8435
3.0148273,5.8972425,8448
3.1600075,5.535293,8461
3.353581,5.052694,8472
3.4987612,4.690744,8485
3.6439414,4.3287945,8498
3.7407281,4.087495,8512
3.7524278,3.6976898,8526
3.7641275,3.307885,8540
3.7758272,2.91808,8552
3.7875268,2.528275,8565
3.7992265,2.1384702,8578
3.8109262,1.7486652,8592
3.8265257,1.2289252,8606
3.4506948,1.1248302,8621
3.2001407,1.0554335,8771
3.2001407,1.0554335,8783
3.2001407,1.0554335,8940
3.2001407,1.0554335,9785
3.2001407,1.0554335,9800
3.558344,0.9012415,9814
3.558344,0.9012415,9976
3.558344,0.9012415,9989
3.558344,0.9012415,10155
3.558344,0.9012415,10995
3.558344,0.9012415,11009
3.558344,0.9012415,11023
3.558344,0.9012415,11193
3.558344,0.9012415,11994
3.558344,0.9012415,12006
3.558344,0.9012415,12019
3.9483244,0.9012415,12031
3.9339592,1.2909573,12043
3.919594,1.6806731,12055
3.9052289,2.070389,12067
3.8860753,2.5900102,12079
3.87171,2.979726,12088
3.857345,3.3694417,12101
3.8557758,3.7594192,12113
3.8536835,4.279389,12126
3.8521142,4.6693664,12139
3.850545,5.059344,12152
3.8484528,5.5793138,12165
3.8468835,5.9692907,12177
3.8453143,6.359268,12189
3.8437452,6.7492456,12202
3.842176,7.139223,12215
3.8411298,7.399208,12228
3.840772,7.6591945,12241
3.840414,7.9191813,12254
3.840414,7.9191813,12267
3.840414,7.9191813,12280
3.4504335,7.9191813,12292
3.6562111,8.07808,12303
3.6562111,8.07808,12317
3.6562111,8.07808,12331
3.916198,8.07808,12344
4.0461917,8.07808,12358
4.0461917,8.07808,12372
4.0461917,8.07808,12385
3.6562111,8.07808,12398
3.64466,8.13165,12410
3.64466,8.13165,12422
3.64466,8.13165,12434
4.0346403,8.13165,12446
4.0346403,8.13165,12458
4.0346403,8.13165,12470
3.64466,8.13165,12482
3.64466,8.13165,12495
3.64466,8.13165,12507
4.0346403,8.13165,12519
4.0346403,8.13165,12532
4.0346403,8.13165,12545
3.7746534,8.13165,12559
3.64466,8.13165,12571
3.64466,8.13165,12583
3.64466,8.13165,12595
4.0346403,8.13165,12607
4.0346403,8.13165,12620
4.0346403,8.13165,12633
3.64466,8.13165,12645
3.64466,8.13165,12659
3.64466,8.13165,12672
4.1646338,8.13165,12685
4.0392027,8.165786,12698
4.0392027,8.165786,12709
4.0392027,8.165786,12721
3.6492221,8.165786,12733
3.6492221,8.165786,12745
3.6492221,8.165786,12758
3.6492221,8.165786,12904
3.6492221,8.165786,13679
3.6492221,8.165786,13692
3.6492221,8.165786,13705
4.0392027,8.165786,13716
3.9405627,7.925238,13728
4.041328,7.685572,13740
4.2428584,7.206241,13753
4.3940067,6.8467426,13766
4.5451546,6.487244,13779
4.6963024,6.127746,13791
4.8978324,5.6484146,13804
4.9985976,5.408749,13816
5.184253,5.065796,13829
5.369909,4.7228427,13842
5.555564,4.3798895,13856
5.7412195,4.0369363,13869
5.9268746,3.6939833,13883
6.174415,3.2367125,13896
5.792123,3.1596584,13910
5.40983,3.0826044,13923
5.2823997,3.0569198,14073
5.2823997,3.0569198,14085
5.2823997,3.0569198,14239
5.663902,2.9760451,14252
6.0454044,2.8951705,14265
6.3830395,3.0903304,14277
6.7206745,3.2854903,14289
7.058309,3.4806502,14301
7.508489,3.7408633,14312
7.508489,3.7408633,14469
7.508489,3.7408633,14482
7.508489,3.7408633,14495
7.508489,4.130844,14508
7.5273128,4.52037,14522
7.5461364,4.909896,14535
7.56496,5.299422,14548
7.5837836,5.6889477,14560
7.608882,6.2083154,14574
7.627705,6.5978417,14587
7.6465287,6.9873676,14600
7.6653523,7.3768935,14613
7.7162375,7.76354,14627
7.9310136,8.124145,14784
7.9310136,8.124145,14796
7.9310136,8.124145,14809
7.7564187,8.021485,14822
7.656644,8.029993,14835
7.6768293,8.029993,14848
7.6941786,8.029993,14861
7.709966,8.0300665,14873
7.74527,8.032746,14886
7.8292274,8.0547905,14899
7.985514,8.18415,14912
8.020011,8.545359,14925
8.020011,9.931146,15082
8.020011,9.931146,15093
8.020011,9.931146,15106
8.020011,10.321126,15119
7.8561587,10.522983,15133
7.814751,10.56295,15147
7.718167,10.745017,15161
7.3863087,10.828016,15174
6.9963403,10.824935,15188
6.606372,10.821855,15201
6.2164035,10.820001,15213
5.8264394,10.820002,15227
5.4364815,10.820001,15240
5.046538,10.820001,15253
4.6566267,10.820001,15266
4.136973,10.820005,15279
4.136973,10.820005,15292
4.136973,10.820005,16062
4.136973,10.820005,16075
3.7469923,10.820005,16087
3.7469923,10.820005,16099
4.1368794,10.820002,16112
4.5267453,10.820002,16124
4.916581,10.820002,16136
5.306373,10.820002,16149
5.8259673,10.820002,16162
6.2155237,10.820002,16175
6.6047926,10.820002,16189
6.9933314,10.820002,16202
7.3789163,10.820002,16215
7.6049,10.820002,16227
7.797387,10.650281,16239
7.862617,10.267764,16252
8.005609,9.985392,16265
8.049757,9.599193,16278
8.084214,9.210738,16292
8.118672,8.822283,16305
8.153131,8.433827,16318
8.179991,8.045372,16331
8.179991,7.916151,16345
8.179991,7.916151,16359
8.179991,7.916151,16522
8.179991,7.916151,17294
8.179991,7.916151,17308
8.179991,7.916151,17322
7.79001,7.916151,17336
7.853455,7.5313663,17349
7.9169,7.146581,17363
7.9803452,6.761796,17377
7.9518356,6.372859,17390
7.9233265,5.983922,17404
7.885314,5.4653397,17418
7.8364396,5.078434,17431
7.787565,4.691528,17445
7.7386913,4.304622,17458
7.4775352,4.0149975,17471
7.2163796,3.7253733,17484
6.9552236,3.4357486,17497
6.6940675,3.1461241,17510
6.4079194,2.8823884,17523
6.0098305,2.5478764,17536
5.71129,2.2969615,17549
5.412749,2.0460467,17563
5.1089664,1.8015049,17576
4.8051834,1.5569628,17589
4.5014005,1.3124208,17602
4.197618,1.0678787,17615
3.7064066,0.9912145,17629
3.3164563,0.99606425,17643
3.186473,0.9976809,17798
3.186473,0.9976809,17811
3.186473,0.9976809,17980
3.5564682,0.8744405,17995
3.5935843,1.2626507,18009
3.6307003,1.6508609,18022
3.6678164,2.039071,18036
3.7049325,2.4272814,18049
3.7420485,2.8154917,18062
3.7791648,3.203702,18075
3.8162806,3.591912,18088
4.0693965,3.888589,18101
4.3225126,4.185266,18113
4.5756283,4.4819427,18125
4.8287444,4.7786193,18137
5.100139,5.0586724,18149
5.3715343,5.338725,18161
5.642929,5.6187778,18174
5.9143243,5.8988304,18187
6.185719,6.178883,18200
6.3691373,6.363141,18213
6.735975,6.731656,18226
7.0111027,7.0080423,18239
7.28623,7.284429,18251
7.469649,7.4686866,18264
7.469649,7.4686866,18426
7.469649,7.4686866,18438
7.469649,7.4686866,18451
7.469649,7.4686866,18464
7.600022,7.8362293,18478
7.724917,8.029906,18491
7.9411926,8.135001,18659
7.9411926,8.135001,18671
7.9411926,8.135001,18684
7.651622,8.025148,18697
7.552717,8.029991,18710
7.5887313,8.029991,18723
7.6266384,8.029991,18737
7.651033,8.029991,18750
7.672006,8.029991,18763
7.689156,8.029991,18774
7.704772,8.029991,18787
7.7325163,8.031328,18799
7.797986,8.043916,18811
7.937206,8.12495,18824
8.020012,8.43389,18838
8.020012,9.933361,18994
8.020012,9.933361,19004
8.020012,9.933361,19016
8.020012,10.323341,19028
7.8556356,10.524772,19040
7.806447,10.598102,19052
7.708273,10.754399,19065
7.240163,10.82425,19078
6.8501925,10.821469,19091
6.4602222,10.820001,19103
6.070255,10.820001,19115
5.6802926,10.820002,19127
5.2903395,10.820002,19140
4.770434,10.820002,19153
4.380582,10.820002,19166
4.1208377,10.820002,19926
4.1208377,10.820002,19939
4.1208377,10.820002,19962
3.8608508,10.820002,19976
3.7909365,11.205326,19989
4.0406146,11.504902,20002
4.2902927,11.804478,20015
4.539971,12.1040535,20027
4.872875,12.503488,20040
5.144211,12.783598,20053
5.415546,13.063708,20066
5.6868815,13.343819,20078
5.958217,13.623929,20090
6.2295527,13.904039,20102
6.504787,14.18032,20114
6.780021,14.4566,20126
7.0552554,14.732881,20139
7.4222345,15.101254,20153
7.453559,15.489975,20165
7.4848833,15.8786955,20178
7.5162077,16.267416,20190
7.547532,16.656136,20203
7.5788565,17.044857,20215
7.610181,17.433577,20227
7.6519465,17.951872,20239
7.6622634,18.079899,20252
7.6622634,18.079899,20265
7.6622634,18.079899,20278
7.6622634,18.079899,20290
7.6622634,18.079899,20302
7.6622634,18.079899,20315
7.6622634,18.079899,20326
7.6622634,18.079899,20339
7.6622634,18.079899,20352
7.6622634,18.079899,20364
7.6622634,18.079899,20376
7.6622634,18.079899,20389
7.6622634,18.079899,20401
7.6622634,18.079899,20415
7.6622634,18.079899,20428
7.6622634,18.079899,20440
7.6622634,18.079899,20452
7.6622634,18.079899,20464
7.6622634,18.079899,20476
7.6622634,18.079899,20489
7.6622634,18.079899,20502
7.6622634,18.079899,20514
7.6622634,18.079899,20526
7.6622634,18.079899,20539
7.6622634,18.079899,20551
7.6622634,18.079899,20564
7.6622634,18.079899,20577
7.6622634,18.079899,20589
7.6622634,18.079899,20602
7.6622634,18.079899,20615
7.6622634,18.079899,20628
7.6622634,18.079899,20641
7.6622634,18.079899,20653
7.6622634,18.079899,20664
7.6622634,18.079899,20676
7.6622634,18.079899,20689
7.6622634,18.079899,20700
7.6622634,18.079899,20851
7.6622634,18.079899,21632
7.6622634,18.079899,21645
7.6622634,18.079899,21659
7.6622634,17.689919,21672
7.665232,17.29995,21685
7.668201,16.90998,21698
7.6721587,16.390022,21712
7.6751275,16.000053,21724
7.6780963,15.610084,21737
7.6782775,15.220103,21749
7.678459,14.830123,21763
7.678701,14.310148,21776
7.6788826,13.920168,21788
7.6790643,13.530188,21801
7.6792455,13.140207,21813
7.679427,12.750227,21826
7.679609,12.360247,21839
7.6798506,11.840272,21852
7.718064,11.452168,21865
7.7562766,11.064065,21878
7.766767,10.676988,21891
7.822873,10.325781,21905
7.8979373,10.1077585,21918
8.020016,9.736825,21932
8.020016,9.353285,21944
8.020016,8.976973,21956
8.020017,8.629467,21968
8.020016,8.397746,21981
8.020016,8.397746,21995
8.020016,8.327133,22008
7.99238,8.214188,22021
7.8472133,8.053293,22034
7.4747825,8.029994,22048
7.085385,8.044508,22061
6.5661798,8.072772,22074
6.1767664,8.0938015,22087
5.7873535,8.114832,22099
5.3979406,8.135862,22111
5.0085278,8.156893,22123
4.6191144,8.177923,22135
4.229953,8.179995,22148
4.100638,8.179995,22160
4.100638,8.179995,22174
4.100638,8.179995,22320
4.100638,8.179995,23100
4.100638,8.179995,23113
4.100638,8.179995,23126
4.4906187,8.179995,23139
4.880378,8.1799965,23151
5.2700715,8.1799965,23164
5.6596646,8.1799965,23177
6.0490947,8.1799965,23189
6.4381995,8.1799965,23202
6.8265705,8.179997,23214
7.152461,8.142254,23226
7.315186,8.033138,23239
7.5758247,8.029999,23251
7.9134593,8.10758,23410
7.9134593,8.10758,23567
7.9134593,8.10758,23580
7.9134593,8.10758,23593
7.58858,8.027101,23606
7.6182942,8.029901,23619
7.6438575,8.0299015,23633
7.665504,8.0299015,23646
7.6835384,8.0299015,23658
7.6999435,8.0299015,23671
7.7202163,8.0304165,23684
7.7689977,8.036703,23696
7.8811936,8.081216,23710
8.020012,8.428896,23723
8.02001,8.816626,23736
8.02001,9.203244,23749
8.02001,9.587553,23763
8.02001,9.966109,23777
7.8956466,10.335729,23791
7.8200474,10.565121,23805
7.7915454,10.63933,23818
7.5067472,10.832781,23832
7.116782,10.829294,23846
6.726817,10.825809,23859
6.3368526,10.822322,23872
5.9472156,10.820001,23885
5.5572557,10.820001,23896
5.0373282,10.820001,23909
4.647418,10.820001,23922
4.257621,10.820001,23934
4.127776,10.820001,23946
4.127776,10.820001,23960
4.127776,10.820001,24113
4.127776,10.820001,24905
4.127776,10.820001,24919
4.127776,10.820001,24932
4.387763,10.820001,24945
4.9055505,10.861238,24958
5.293349,10.902435,24970
5.6811476,10.943633,24983
6.1982117,10.998563,25125
6.1982117,10.998563,25136
6.1982117,10.998563,25287
6.1982117,10.998563,25299
6.5881925,10.998563,25311
6.9676766,10.908693,25322
7.3471603,10.820023,25335
7.5775886,10.820024,25347
7.5775886,10.820024,25498
7.5775886,10.820024,25509
7.5775886,10.820024,25522
7.5775886,10.820024,25534
7.7289925,10.734491,25547
7.8271565,10.418888,25560
7.8624372,10.129187,25573
8.031936,9.825871,25586
8.020017,9.4416485,25598
8.020017,9.062869,25610
8.020017,8.704026,25623
8.020017,8.598716,25636
8.102963,8.217659,25648
8.158261,7.963621,25660
7.9346395,7.8310075,25672
7.9346395,7.8310075,25800
7.9346395,7.8310075,25810
7.9346395,7.8310075,25825
7.6746526,7.8310075,25837
7.6996236,8.029909,25849
7.720096,8.03041,25862
7.769923,8.036878,25875
7.882038,8.081743,25886
8.020012,8.430936,25897
8.020011,8.818661,25908
8.020011,9.205271,25919
8.020011,9.589563,25930
7.978444,10.091237,25942
7.8953114,10.337575,25955
7.825447,10.721246,25967
7.7555833,11.104918,25979
7.7305965,11.492789,25991
7.7244678,12.012725,26004
7.7192874,12.402671,26017
7.714107,12.792617,26031
7.7071996,13.312546,26045
7.7020197,13.702492,26058
7.6968393,14.092438,26072
7.691659,14.482384,26085
7.6847515,15.002312,26098
7.68419,15.392292,26111
7.6836276,15.782271,26123
7.683066,16.172253,26137
7.6825037,16.562231,26150
7.681942,16.952211,26164
7.681193,17.472185,26177
7.6806307,17.862165,26191
7.7748346,18.036758,26205
7.893542,18.08954,26219
8.0306015,18.30829,26232
8.020028,18.681976,26246
8.020028,19.018255,26259
8.020014,19.275467,26272
8.006084,20.291893,26871
8.006084,20.291893,26886
8.006084,20.291893,26901
8.179937,20.473337,26915
8.179949,20.48215,26929
8.179949,20.48215,26943
8.179949,20.48215,26956
8.179949,20.48215,26969
8.179949,20.48215,26983
8.179949,20.48215,26997
8.179949,20.48215,27011
8.179949,20.48215,27025
8.179949,20.48215,27039
8.179949,20.48215,27053
8.179949,20.48215,27067
8.179949,20.48215,27082
8.179949,20.48215,27096
8.179949,20.48215,27110
8.179949,20.48215,27123
8.179949,20.48215,27137
8.179949,20.48215,27152
8.179949,20.48215,27167
8.179949,20.48215,27181
8.179949,20.48215,27195
8.179949,20.48215,27209
8.179949,20.48215,27222
8.179949,20.48215,27231
8.179949,20.48215,27239
8.179949,20.48215,27251
8.179949,20.48215,27265
8.179949,20.48215,27278
8.179949,20.48215,27291
8.179949,20.48215,27305
8.179949,20.48215,27318
8.179949,20.48215,27333
8.179949,20.48215,27347
8.179949,20.48215,27361
8.179949,20.48215,27375
8.179949,20.48215,27389
8.179949,20.48215,27403
8.179949,20.48215,27417
8.179949,20.48215,27430
8.179949,20.48215,27443
8.179949,20.48215,27457
8.179949,20.48215,27470
8.179949,20.48215,27483
8.179949,20.48215,27496
8.179949,20.48215,27510
8.179949,20.48215,27525
8.179949,20.48215,27539
8.179949,20.48215,27552
8.179949,20.48215,27566
8.179949,20.48215,27579
8.179949,20.48215,27593
8.179949,20.48215,27606
8.179949,20.48215,27620
8.179949,20.48215,27634
8.179949,20.48215,27647
8.179949,20.48215,27660
8.179949,20.48215,27674
8.179949,20.48215,27689
8.179949,20.48215,27702
8.179949,20.48215,27868
8.179949,20.48215,28462
8.179949,20.48215,28476
8.179949,20.48215,28489
8.179949,20.48215,28656
8.179949,20.48215,29244
8.179949,20.48215,29251
8.179949,20.48215,29258
8.179949,20.48215,29421
8.179949,20.48215,30017
8.179949,20.48215,30031
8.179949,20.48215,30042
8.179949,20.48215,30209
8.179949,20.48215,30814
8.179949,20.48215,30827
8.179949,20.48215,30840
8.179949,20.48215,31007
8.179949,20.48215,31603
8.179949,20.48215,31616
8.124521,20.402342,31631
8.081678,20.35588,31644
8.014629,20.2982,31802
8.014629,20.2982,32389
8.014629,20.2982,32403
8.014629,20.2982,32415
8.014629,20.2982,32559
8.014629,20.2982,33137
8.014629,20.2982,33149
8.014629,20.2982,33163
8.179949,20.48215,33176
8.179949,20.482151,33189
8.179949,20.482151,33201
8.179949,20.482151,33363
8.179949,20.482151,33932
8.179949,20.482151,33944
8.179949,20.482151,33957
8.179949,20.482151,34124
8.179949,20.482151,34711
8.179949,20.482151,34725
8.124521,20.402342,34735
8.070793,20.345411,34742
8.014629,20.2982,34908
8.014629,20.2982,35503
8.014629,20.2982,35517
8.014629,20.2982,35531
8.179949,20.48215,35544
8.154192,20.441994,35557
8.128394,20.407824,35570
8.10355,20.378914,35583
8.0801735,20.354609,35596
8.058567,20.334263,35609
8.038873,20.317266,35622
8.021112,20.303082,35636
8.179949,20.48215,35649
8.154193,20.441994,35663
8.128395,20.407825,35677
8.103551,20.378914,35692
8.080174,20.35461,35706
8.051787,20.328253,35720
8.03274,20.31225,35733
8.0156145,20.298895,35746
8.179949,20.482151,35756
8.154193,20.441994,35763
8.128395,20.407825,35773
8.103551,20.378914,35786
8.080174,20.35461,35800
8.058568,20.334263,35813
8.038873,20.317266,35827
8.021112,20.303082,35840
8.137348,20.410767,35854
8.154193,20.441994,35868
8.128394,20.407824,35882
8.179949,20.482151,35896
8.154193,20.441994,35910
8.128395,20.407825,35924
8.103551,20.378914,35938
8.080174,20.35461,35952
8.051787,20.328253,35966
8.03274,20.312252,35980
8.0156145,20.298895,35993
8.179949,20.482151,36007
8.154193,20.441994,36020
8.128395,20.407825,36033
8.103551,20.378914,36048
8.080174,20.35461,36061
8.058568,20.334263,36075
8.038873,20.317266,36088
8.021112,20.303082,36102
8.179949,20.482151,36115
8.154193,20.441994,36129
8.128395,20.407825,36143
8.095577,20.370335,36157
8.072766,20.34742,36171
8.051788,20.328253,36184
8.03274,20.312252,36198
8.0156145,20.298895,36211
8.179949,20.48215,36225
8.154192,20.441994,36239
8.128394,20.407824,36253
8.10355,20.378914,36266
8.0801735,20.354609,36279
8.058567,20.33426,36292
8.038872,20.317266,36299
8.015614,20.298895,36307
7.9143705,20.236458,36474
7.999298,19.98868,36487
8.020037,19.645376,36501
8.020019,19.263199,36516
8.020019,18.891258,36530
8.020019,18.566727,36544
8.020019,18.379448,36558
7.9530387,18.134432,36572
7.388253,17.836163,36739
7.388253,17.836163,36745
7.5266757,18.029917,36751
7.7041144,18.029919,36764
7.9034534,18.089766,36776
8.051094,18.414713,36790
8.133099,18.795975,36804
8.162323,19.18304,36818
8.169307,19.702965,36832
8.17523,20.092901,36845
8.179998,20.482233,36859
8.179998,20.482233,37025
8.179998,20.482233,37037
8.179998,20.482233,37624
8.179998,20.482233,37637
8.124563,20.402391,37651
8.09957,20.374592,37662
8.07647,20.350986,37669
8.055175,20.331234,37678
8.035801,20.31474,37691
8.012961,20.296907,37705
7.99798,20.28608,37718
8.17334,20.460423,37731
8.142651,20.426117,37745
8.117198,20.394363,37758
8.092957,20.367582,37772
8.063206,20.338472,37785
8.043081,20.320782,37798
8.024894,20.306017,37811
8.008602,20.29369,37824
8.179768,20.470264,37837
8.148868,20.43454,37844
8.114871,20.391657,37852
7.8334665,20.580717,37866
7.8334665,20.580717,37880
7.8334665,20.580717,37894
7.8334665,20.32073,37908
7.8223314,20.320253,37922
7.8223314,20.320253,37936
7.8223314,20.710234,37949
7.8223314,20.710234,37962
7.8223314,20.710234,37976
7.5383363,20.8308,37989
7.6424346,20.80019,37998
7.6424346,20.80019,38005
7.6424346,20.80019,38017
7.6424346,20.80019,38029
7.6424346,20.80019,38043
7.6424346,20.80019,38056
7.6424346,20.80019,38069
7.6424346,20.80019,38082
7.6424346,20.80019,38094
7.6424346,20.80019,38100
7.6424346,20.80019,38109
7.6424346,20.80019,38123
7.6424346,20.80019,38135
7.6424346,20.80019,38149
7.6424346,20.80019,38162
7.6424346,20.80019,38175
7.6424346,20.80019,38189
7.6424346,20.80019,38203
7.6424346,20.80019,38216
7.6424346,20.80019,38229
7.6424346,20.80019,38242
7.6424346,20.80019,38254
7.6424346,20.80019,38268
7.6424346,20.80019,38282
7.6424346,20.80019,38295
7.6424346,20.80019,38309
7.6424346,20.80019,38323
7.6424346,20.80019,38335
7.6424346,20.80019,38349
7.6424346,20.80019,38363
7.6424346,20.80019,38375
7.6424346,20.80019,38388
7.6424346,20.80019,38549
7.6424346,20.80019,38563
7.264342,20.826176,38576
6.8758926,20.820007,38589
6.289429,21.167463,38754
6.289429,21.167463,38918
6.289429,21.167463,38931
6.329098,21.04367,38944
6.70704,20.947521,38956
7.084982,20.851372,38969
7.4596,20.820026,38983
7.6712365,20.78813,38997
7.830308,20.544739,39010
8.020034,19.40045,39174
8.020034,19.40045,39186
8.020034,19.40045,39199
8.020034,19.010468,39212
8.020034,18.660847,39225
8.020034,18.42369,39238
8.020034,18.379251,39252
8.018354,18.311392,39265
7.9977937,18.226942,39278
7.8799925,18.074287,39291
7.535392,18.029982,39301
7.0279193,18.091627,39309
6.7072854,18.070456,39322
6.5953336,18.07995,39335
6.5953336,18.07995,39350
6.7397885,17.71771,39364
6.884243,17.35547,39377
7.0286975,16.99323,39389
7.173152,16.630991,39401
7.3176064,16.268751,39414
7.462061,15.90651,39427
7.606516,15.5442705,39440
7.6136355,15.154355,39449
7.6207557,14.76444,39456
7.630249,14.244553,39467
7.6373687,13.854637,39480
7.644489,13.464722,39493
7.653982,12.944835,39507
7.661102,12.554919,39520
7.668222,12.165004,39533
7.675342,11.775088,39545
7.717186,11.387359,39557
7.75903,10.99963,39570
7.8391643,10.510133,39584
7.8399925,10.137979,39597
7.9973097,9.995234,39610
8.020016,9.630702,39623
8.020016,9.248449,39635
8.020016,8.876256,39648
8.020016,8.550324,39661
8.020016,8.36094,39674
8.020016,8.36094,39688
8.012795,8.276654,39701
7.9622035,8.158565,39714
7.715698,8.016862,39727
7.326254,8.029996,39740
5.6388426,8.121961,40280
5.6388426,8.121961,40294
5.8979726,8.100867,40307
6.157102,8.079773,40321
6.543755,8.1306095,40335
6.930408,8.179987,40349
7.179591,8.111881,40362
7.3777614,8.021312,40375
7.628619,8.029925,40388
7.6527357,8.029925,40401
7.673469,8.029925,40415
7.690423,8.029925,40427
7.7062902,8.0299425,40441
7.736249,8.031694,40456
7.806644,8.046604,40468
7.951977,8.140216,40480
8.020011,8.466598,40492
8.02001,8.854249,40505
8.02001,9.240674,40517
8.02001,9.624641,40531
7.9643135,10.127887,40546
7.8819737,10.37449,40560
7.814258,10.758547,40575
7.746542,11.142603,40589
7.7403893,11.532535,40603
7.734237,11.922467,40617
7.728085,12.312399,40631
7.7219324,12.702331,40645
7.7157803,13.092262,40659
7.7096276,13.482195,40673
7.7034755,13.872127,40686
7.6973233,14.262058,40701
7.6911707,14.651991,40713
7.6829677,15.1719,40720
7.6825976,15.56188,40730
7.6822276,15.95186,40744
7.6818576,16.34184,40758
7.6814876,16.731821,40771
7.6811175,17.121801,40785
7.6807475,17.511782,40798
7.680256,18.0299,40812
7.7883053,18.040194,40826
7.9168835,18.10729,40840
8.033379,18.363333,40854
8.020027,18.734467,40867
8.020027,19.057344,40880
8.020015,19.314407,40895
8.020015,19.823257,40909
7.934528,20.193613,40923
7.820045,20.425907,40936
7.805139,20.815275,40949
7.7832375,21.204641,40961
7.761336,21.594006,40975
7.7394342,21.98337,40989
7.717533,22.372736,41002
7.6956315,22.7621,41015
7.6956315,22.7621,41152
7.6956315,22.7621,41160
7.6956315,22.7621,41335
7.6956315,22.7621,43187
7.6956315,22.7621,43201
7.6956315,22.7621,43215
7.4356446,22.7621,43229
6.9169965,22.794233,43243
6.528254,22.825283,43257
6.1395116,22.856333,43267
5.621188,22.897732,43274
5.2324457,22.928782,43287
4.7141223,22.97018,43300
4.32538,23.00123,43314
4.0662184,23.02193,43468
4.0662184,23.02193,43482
4.0662184,23.02193,43638
4.0662184,23.02193,43653
4.4561987,23.02193,43667
4.79112,22.82215,43681
5.2376814,22.555773,43696
5.4609623,22.422586,43865
5.4609623,22.422586,43878
5.4609623,22.422586,43892
5.8509426,22.422586,43906
6.091856,22.115917,43920
6.3327694,21.80925,43934
6.413074,21.707026,44085
6.413074,21.707026,44097
6.1090736,21.951298,44110
5.906407,22.114145,44123
6.1949754,21.851824,44136
6.5652742,21.729498,44149
6.935573,21.607172,44162
7.18296,21.305702,44175
7.430347,21.00423,44188
7.6011434,20.808216,44202
7.6011434,20.808216,44372
7.6011434,20.808216,44385
7.6011434,20.808216,44399
7.6011434,20.808216,44407
7.7781153,20.679785,44415
8.020037,19.42079,44574
8.020037,19.42079,44582
8.020037,19.42079,44596
8.020037,19.03081,44609
8.020035,18.678255,44623
8.020035,18.433094,44638
8.020035,18.333572,44652
8.015864,18.294437,44674
8.020029,18.66036,44688
8.020029,19.001162,44702
8.020014,19.258434,44716
8.020014,19.76837,44730
7.9497385,20.14296,44744
7.8200436,20.493954,44758
7.804743,20.88329,44772
7.782224,21.27262,44786
7.7597055,21.66195,44800
7.737187,22.05128,44814
7.7146683,22.440609,44828
7.6921496,22.829937,44842
7.5272894,23.18336,44856
7.3624296,23.53678,44870
7.19757,23.8902,44884
7.0327096,24.24362,44898
6.8128963,24.714846,44909
6.593083,25.186073,44917
6.394653,25.521797,44930
6.196223,25.857521,44944
5.9977922,26.193245,44958
5.799362,26.528967,44971
5.5347886,26.976599,44985
5.2816954,27.273294,44998
5.028602,27.569992,45012
4.6067805,28.064486,45973
4.6067805,28.064486,45987
4.6067805,28.064486,46000
4.2167997,28.064486,46014
4.067042,28.323719,46027
4.0200095,28.841532,46040
4.0200095,29.22944,46054
4.0200095,29.615997,46069
4.0080423,30.000608,46082
3.8897655,30.506952,46096
3.8849773,30.896904,46110
3.8801894,31.286854,46123
3.8754013,31.676805,46136
3.8706133,32.066757,46149
3.8642292,32.586693,46162
3.8498652,33.756546,46298
3.8498652,33.756546,46310
3.8498652,33.756546,46469
3.8450773,34.146496,46483
3.8445911,34.536476,46496
3.844105,34.926456,46509
3.8436189,35.316437,46522
3.843133,35.706417,46536
3.8426468,36.096397,46549
3.8410265,37.39633,46699
3.8410265,37.39633,46711
3.8407025,37.65632,46726
3.8403785,37.916306,46739
3.4534822,37.965256,46752
3.066586,38.014202,46765
2.6796896,38.063152,46778
2.2927935,38.112103,46791
1.6479664,38.17999,46958
1.6479664,38.17999,46971
1.6479664,38.17999,46985
1.6479664,38.17999,46998
1.5905424,38.17999,47011
1.5414703,38.17999,47024
1.499591,38.17999,47038
1.4465635,38.18356,47052
1.2682272,38.268635,47066
1.1799928,39.98801,47221
1.1799928,39.98801,47371
1.1799928,39.98801,47384
1.1799928,40.372482,47398
1.2228059,40.685104,47411
1.5348932,40.901344,47425
1.8721312,41.09719,47439
2.2093692,41.293037,47453
2.546607,41.48888,47467
2.883845,41.684727,47481
3.2210827,41.880573,47494
3.5583208,42.076416,47508
3.670733,42.1417,47522
3.670733,42.1417,50102
3.670733,42.1417,50115
3.748133,41.996326,50128
3.7844944,41.93049,50145
3.7844944,41.93049,50157
3.7844944,41.93049,50170
4.167734,41.907253,50183
4.0118914,41.911163,50196
3.9110155,41.901928,50209
3.836618,41.90523,50218
3.8091562,41.908577,50225
3.7944176,41.910847,50237
4.047652,41.89217,50249
4.015759,41.911842,50263
3.913514,41.901966,50276
3.851618,41.90389,50290
3.817271,41.907467,50304
3.794753,41.910793,50318
3.7867208,41.912167,50332
4.172797,41.894287,50345
4.0126343,41.911293,50358
3.9114943,41.901936,50371
3.8504689,41.90398,50384
3.8166473,41.90755,50396
3.7984273,41.9102,50409
3.7886834,41.911823,50422
4.174899,41.894257,50434
4.014002,41.911533,50447
3.9123769,41.901947,50459
3.8509707,41.90394,50472
3.8169196,41.907516,50485
3.798573,41.910175,50498
3.7887611,41.911808,50511
4.174982,41.894257,50524
4.0140553,41.91154,50537
3.9124115,41.901947,50550
3.8509905,41.90394,50563
3.8169303,41.907513,50570
3.7946048,41.910816,50578
3.7866416,41.91218,50591
4.1727123,41.89429,50604
4.012579,41.91128,50617
3.911459,41.901936,50630
3.8504484,41.90398,50643
3.816636,41.90755,50655
3.7984211,41.9102,50668
3.78868,41.911823,50681
4.1748953,41.894257,50694
4.013999,41.91153,50707
3.9123757,41.901947,50721
3.85097,41.90394,50734
3.816919,41.907516,50747
3.7985728,41.910175,50760
3.7887611,41.911808,50773
4.042739,41.892162,50786
4.012566,41.91128,50800
3.9114509,41.901936,50813
3.8504438,41.90398,50826
3.8166335,41.90755,50839
3.7984197,41.9102,50852
3.7886796,41.911823,50865
4.174895,41.894257,50877
5.084736,41.908607,51024
5.084736,41.908607,51188
5.084736,41.908607,53048
5.084736,41.908607,53060
5.4700813,41.84866,53073
5.855427,41.78871,53086
5.6196265,41.679207,53099
5.1480255,41.460197,53112
4.759462,41.426983,53125
4.3708987,41.39377,53138
3.982335,41.36055,53151
3.5937717,41.327335,53164
3.3347294,41.30519,53177
2.966178,41.432686,53186
2.5976264,41.56018,53193
2.2290747,41.68767,53206
1.8646678,41.82657,53220
1.3787916,42.011765,53234
1.0143843,42.15066,53390
1.0143843,42.15066,53403
1.0143843,42.15066,53564
1.0143843,42.15066,53578
1.0143843,41.76068,53592
0.9927804,41.3713,53605
0.97117656,40.981915,53619
0.956774,40.72233,53633
0.9919297,40.333935,53646
1.0270854,39.945545,53659
1.0622412,39.55715,53672
1.1434281,39.04394,53679
1.1799822,38.660797,53688
1.2025561,38.347576,53701
1.3063332,38.232647,53714
1.7901711,38.179996,53727
2.1800659,38.18,53740
3.4784517,38.179996,53895
3.4784517,38.179996,54040
3.4784517,38.179996,54052
3.607657,38.179996,54067
3.2177532,38.179996,54080
2.8278902,38.179996,54093
2.3082216,38.18,54106
1.918849,38.18,54117
1.5604326,38.18,54131
1.5157694,38.1799,54144
1.4529047,38.182674,54158
1.3390121,38.21874,54172
1.174849,38.424915,54186
1.1799961,38.814587,54200
1.1799961,39.204117,54213
1.1799961,39.59333,54227
1.1799961,40.110687,54240
1.1799961,40.366325,54253
1.2194068,40.680637,54266
1.4517338,40.993862,54280
1.684061,41.307083,54294
1.8389453,41.5159,54308
1.8338939,41.775837,54321
1.8237913,42.295715,54335
1.8162142,42.685623,54348
1.8086371,43.075527,54361
2.0059257,43.411922,54375
2.203214,43.748318,54388
2.4005022,44.084717,54401
2.5977905,44.421112,54414
2.8210049,44.74013,54427
3.1357946,45.15399,54440
3.3718586,45.46441,54454
3.6866107,45.878296,54620
3.6866107,45.878296,54794
3.6866107,45.878296,54806
3.6866107,45.878296,54821
4.076591,45.878296,54834
4.031391,46.265648,54847
3.9861908,46.653,54861
3.9409907,47.04035,54874
3.880724,47.556824,54888
3.8355238,47.944176,54902
3.9387817,48.126804,54915
4.0200152,49.757233,58207
4.0200152,49.757233,58220
4.0200152,49.757233,58234
4.0200152,49.497246,58248
4.0200057,48.977993,58261
4.0200057,48.58888,58274
4.009322,48.200054,58287
3.9782743,47.81131,58300
3.9472268,47.42257,58313
3.9161792,47.033825,58326
3.8851314,46.645084,58339
3.864433,46.38592,58352
3.649941,46.060226,58365
3.435449,45.734528,58378
3.2209568,45.408833,58391
3.0064647,45.083138,58404
2.7681868,44.774418,58417
2.5299091,44.465694,58430
2.2916312,44.156975,58443
2.0533535,43.848255,58456
2.0471256,43.458324,58469
2.0408976,43.068394,58482
2.0346694,42.678463,58495
2.0284414,42.288532,58508
2.0242896,42.028576,58521
1.8567984,41.676395,58534
1.6893073,41.324215,58547
1.5218165,40.972034,58560
1.4442402,40.867725,58573
1.3331752,40.778133,58586
1.1719441,40.561638,58599
1.1799959,40.17199,58612
1.1799959,39.782475,58625
1.1799959,39.393303,58637
1.1799959,38.87619,58651
1.1799959,38.527996,58665
1.2607853,38.156563,58679
1.3794597,37.78508,58693
1.4981338,37.413593,58707
1.616808,37.042107,58721
1.7354822,36.670624,58733
1.8541563,36.299137,58745
1.9332726,36.05148,58759
1.9903003,35.66569,58773
2.047328,35.279903,58786
2.1043556,34.894115,58799
2.1613834,34.508327,58813
2.218411,34.12254,58826
2.2754388,33.73675,58839
2.5019622,33.27797,58848
2.7094765,32.947784,58855
2.9169905,32.617596,58866
3.1245053,32.28741,58879
3.2418218,31.915497,58892
3.359138,31.54358,58905
3.4764543,31.171663,58918
3.7209802,30.867868,58931
3.7998757,30.62991,58944
3.9071786,30.121138,58957
4.0463557,29.797947,58970
4.106965,29.412704,58983
4.167575,29.027462,58995
4.179984,28.886507,59134
4.1799955,29.275984,59158
4.1799955,29.665071,59171
4.1799955,30.309347,59321
4.1799955,30.309347,59333
4.1799955,30.309347,59361
4.1799955,30.699327,59375
3.7937334,30.753052,59389
3.6491516,31.115242,59403
3.50457,31.47743,59416
3.3599882,31.839619,59429
3.0622492,32.26591,59437
2.838945,32.58563,59444
2.466771,33.118492,59605
2.466771,33.118492,59617
2.466771,33.118492,59641
2.0767906,33.118492,59654
2.068471,33.508385,59667
2.0601516,33.898277,59681
2.0518322,34.28817,59695
2.0435128,34.678062,59708
2.0324202,35.197918,59722
2.0241008,35.587807,59729
1.9396164,35.96853,59737
1.8551323,36.349247,59750
1.7706481,36.729965,59763
1.6861639,37.110683,59776
1.6016797,37.491405,59789
1.5171955,37.872124,59803
1.355313,38.21407,59817
1.355313,38.21407,59981
1.355313,38.21407,59994
1.355313,38.21407,60021
1.355313,38.21407,60033
1.1854049,38.390568,60047
1.1799955,38.77597,60060
1.1799957,39.16552,60073
1.1799957,39.55478,60086
1.1799957,40.07238,60101
1.1799957,40.328693,60115
1.2002709,40.650143,60128
1.4319623,40.963837,60142
1.7408841,41.382095,60156
1.7516634,41.771927,60170
1.7624427,42.16176,60184
1.7732221,42.55159,60198
1.7840015,42.94142,60212
1.7947807,43.331253,60219
2.0179954,43.65103,60226
2.2412097,43.970814,60239
2.5388293,44.39719,60253
2.777376,44.705704,60260
3.0159225,45.014217,60267
3.2544692,45.322727,60280
3.6520467,45.836918,60428
3.6520467,45.836918,60594
3.6520467,45.836918,60606
3.6520467,45.836918,60621
4.0420275,45.836918,60634
3.872642,47.632034,62697
3.872642,47.632034,62710
3.8271053,48.019344,62761
3.829698,47.629375,62768
3.8331554,47.10941,62780
3.8357482,46.71944,62794
3.8383412,46.329468,62807
3.6222105,46.004856,62821
3.3340364,45.57204,62835
3.1179056,45.24743,62848
2.9738188,45.031025,62861
2.7345743,44.72305,62874
2.4953299,44.415077,62886
2.176337,44.004448,62899
1.9370927,43.696476,62911
1.9537737,43.306854,62925
1.9704548,42.91723,62938
1.9926963,42.39773,62952
2.0093772,42.00811,62964
1.8431202,41.655342,62977
1.6768632,41.302578,62990
1.5660254,41.0674,63004
1.4192449,40.85281,63016
1.2854711,40.746243,63030
1.1785599,40.452442,63043
1.179996,40.06281,63057
1.179996,39.673367,63071
1.179996,39.28436,63082
1.1799959,38.896683,63096
1.1799959,38.64131,63109
1.2117478,38.33204,63122
1.3294936,37.96026,63136
1.4472395,37.588478,63149
1.5649854,37.216698,63162
1.6827314,36.844917,63175
1.8004771,36.473137,63189
1.9182231,36.101357,63202
2.011335,35.591187,63215
2.0667098,35.20516,63228
2.1220846,34.81913,63241
2.1774595,34.4331,63254
2.2328343,34.04707,63267
2.2882092,33.66104,63280
2.4917367,33.328384,63293
2.7631063,32.88484,63306
2.966634,32.55218,63320
3.1701615,32.219524,63333
3.2817407,31.845846,63346
3.3933198,31.472168,63359
3.5048988,31.098492,63372
3.5420918,30.973932,63394
3.4489875,31.352636,63408
3.3248487,31.857574,63422
3.1049485,32.17964,63435
2.8850484,32.501713,63448
2.5918481,32.931137,63462
2.5150988,33.31349,63476
2.4127662,33.823296,63490
2.336017,34.20565,63503
2.2592676,34.588005,63516
2.182518,34.970356,63529
2.1057687,35.35271,63541
2.0801854,35.480164,63693
2.0801854,35.480164,63703
2.0210307,35.73333,63716
1.9027212,36.239666,63730
1.813989,36.61942,63743
1.7252568,36.99917,63756
1.6365244,37.37892,63770
1.5477923,37.758675,63783
1.3379782,38.223515,63795
1.3379782,38.223515,63956
1.3379782,38.223515,63969
1.3379782,38.223515,63992
1.3379782,38.223515,64003
1.1735317,38.43048,64016
1.179996,38.82015,64029
1.179996,39.20967,64042
1.179996,39.728474,64056
1.179996,40.116196,64070
1.179996,40.37172,64084
1.2223848,40.684563,64092
1.454699,40.997795,64099
1.687013,41.311028,64112
1.8418895,41.519848,64126
1.8364457,41.779778,64140
1.8255582,42.29964,64153
1.8173925,42.689533,64167
1.8092269,43.07943,64181
2.0160658,43.538284,64194
2.225627,43.867176,64207
2.435188,44.196064,64219
2.6447487,44.524956,64231
2.8824072,44.834152,64244
3.1200657,45.143353,64257
3.4369438,45.555614,64270
3.6746018,45.864815,64427
3.6746018,45.864815,64588
3.6746018,45.864815,64601
3.6746018,45.864815,64615
4.0645823,45.864815,64624
4.021415,46.252396,64631
3.9638596,46.769176,64643
3.9206924,47.15676,64656
3.8775256,47.544342,64665
3.8343585,47.931927,64672
3.9730868,48.16648,64686
4.020016,48.509216,64700
4.020016,49.722717,64855
4.020016,49.722717,64867
4.020016,49.722717,64879
4.020016,49.982704,64892
3.9012325,50.343964,64904
3.8200588,50.554546,64917
3.7567594,50.701973,64930
3.4763846,50.82952,64943
3.087294,50.820007,64956
2.699808,50.820007,64969
2.699808,50.820007,64982
2.699808,50.820007,64996
2.3098276,50.820007,65011
2.179992,50.148876,66727
2.179992,50.148876,66742
2.179992,50.148876,66755
2.179992,50.538857,66768
2.179992,51.44881,66809
2.179992,51.44881,66962
2.179992,51.44881,68711
2.179992,51.44881,68725
2.298647,51.07732,68738
2.6775265,50.984936,68752
3.0564058,50.892548,68765
3.3089921,50.83096,68778
3.6332085,50.807846,68792
3.8145483,50.60975,68806
3.820009,50.226067,68819
3.820009,50.226067,68833
3.820009,50.226067,68846
3.9412339,50.070953,68859
4.0200167,49.76663,68871
4.0200167,49.38415,68884
4.0200167,49.00984,68898
4.0200167,48.573055,69061
4.0200167,48.573055,69074
4.0200167,48.573055,69087
4.0200167,48.183075,69101
3.822137,48.04164,69116
3.3235872,48.029984,69130
2.943314,48.11645,69144
2.628956,48.079952,69159
2.628956,48.079952,69173
2.628956,48.079952,69187
2.2389755,48.079952,69200
1.9674387,47.861874,69207
1.6801317,47.428493,69216
1.4636204,47.104134,69231
1.2471092,46.779778,69245
1.0305979,46.45542,69260
0.88625705,46.23918,69417
0.88625705,46.23918,69430
0.88625705,46.23918,69446
0.88625705,45.8492,69460
0.8780746,45.45935,69473
0.8621362,44.93962,69487
0.8502765,44.54982,69501
0.8384168,44.16002,69514
0.8265571,43.77022,69523
0.8200031,43.380424,69530
0.8200031,42.86095,69542
0.8200031,42.472454,69556
0.84276444,42.08314,69569
0.8655257,41.693825,69582
0.88828707,41.30451,69595
0.9186356,40.78542,69609
0.9613619,40.39779,69623
1.0040882,40.010155,69637
1.0471604,39.622578,69650
1.1140463,39.238377,69663
1.1799828,38.726154,69677
1.1799828,38.4067,69691
1.2849821,38.251408,69704
1.6185961,38.171772,69718
2.1384113,38.18,69732
2.528264,38.179996,69746
2.9180157,38.179996,69759
3.307472,38.179993,69773
3.5664577,38.179993,69933
3.5664577,38.179993,69945
3.5664577,38.179993,69977
3.5664577,38.179993,70136
3.5664577,38.179993,71973
3.5664577,38.179993,71985
3.5664577,38.179993,71998
3.1764772,38.179993,72011
2.7866192,38.18,72021
2.3968542,38.18,72028
1.8776805,38.18,72039
1.5241923,38.179947,72052
1.4836854,38.18007,72065
1.4085056,38.191517,72079
1.2539097,38.28258,72092
1.1740015,38.612778,72105
1.1799957,39.002384,72118
1.1799958,39.391792,72131
1.1799958,39.780712,72144
1.1799958,40.296074,72158
1.1799958,40.422276,72171
1.1799958,40.422276,72184
1.1911268,40.63076,72197
1.3575915,40.800156,72210
1.7356776,40.827778,72224
2.1256242,40.82263,72237
2.5155697,40.82,72250
2.9054942,40.820004,72263
3.2953477,40.82,72276
3.5550961,40.8201,72289
3.5550961,40.8201,72302
3.5550961,40.8201,72320
3.1651156,40.8201,72333
2.863673,41.06752,72347
2.5622303,41.31494,72360
2.2607877,41.562363,72373
2.171436,41.941967,72386
2.0523007,42.44811,72401
1.9629493,42.827717,72416
1.8735977,43.20732,72430
2.0728147,43.54258,72443
2.2720318,43.87784,72457
2.4712486,44.213093,72470
2.6704657,44.54835,72483
2.907139,44.858303,72496
3.1438122,45.168255,72509
3.3804858,45.47821,72522
3.6171596,45.788162,72535
3.641243,46.1774,72542
3.673354,46.696377,72549
3.6974373,47.085613,72563
3.7215207,47.47485,72577
3.7456038,47.864086,72591
3.8079736,48.046963,72605
3.9948797,48.200466,72619
4.0200152,48.563103,72633
4.0200152,49.760227,72796
4.0200152,49.760227,72806
4.0200152,49.760227,72813
4.0200152,50.150208,72823
3.8200567,50.471375,72836
3.8174458,50.550774,72849
3.761197,50.69571,72863
3.3602436,50.822964,72878
2.9713533,50.820007,72891
2.5855868,50.820007,72905
2.5855868,50.820007,73049
2.5855868,50.820007,74954
2.5855868,50.820007,74965
2.5855868,50.820007,74978
2.9755673,50.820007,74991
3.362294,50.820007,75005
3.577162,50.820007,75019
3.7628343,50.700535,75033
3.820009,50.350327,75046
3.820009,50.220894,75059
3.820009,50.220894,75072
3.9399388,50.07194,75085
4.0200167,49.76913,75098
4.0200167,49.386623,75106
4.0200167,48.891743,75113
4.0200167,48.57468,75126
4.0200167,48.426464,75139
4.0100627,48.26192,75152
4.0100627,48.26192,75166
3.9456744,48.139008,75179
3.7164385,47.92389,75192
3.4302135,47.65901,75205
3.1238947,47.417652,75218
2.8175757,47.176296,75231
2.5112574,46.934937,75244
2.161589,46.76226,75257
1.6953644,46.53203,75271
1.3456959,46.359352,75284
0.99602735,46.18668,75298
0.99602735,46.18668,75457
0.99602735,46.18668,75469
0.99602735,46.18668,75485
0.99602735,45.926693,75499
0.97976387,45.53722,75513
0.95594716,45.14797,75527
0.9245501,44.62894,75541
0.90099627,44.239674,75556
0.8774424,43.850407,75570
0.8538886,43.461136,75584
0.8303347,43.07187,75598
0.820006,42.68268,75611
0.84065837,42.293243,75625
0.8613107,41.903812,75639
0.881963,41.514378,75653
0.90261537,41.124947,75667
0.9301518,40.6057,75681
0.9750431,40.21831,75695
1.0371674,39.835903,75709
1.0722358,39.447502,75722
1.1410428,39.06364,75736
1.1799823,38.680172,75750
1.1799823,38.680172,75764
1.1799823,38.462967,75778
1.4757903,38.118484,75792
1.7930157,37.89165,75806
2.850434,37.135548,75963
2.850434,37.135548,76121
2.850434,37.135548,76136
3.2404146,37.135548,76151
3.6288528,37.1009,76159
4.5352087,37.02005,76321
4.5352087,37.02005,76333
4.8361664,36.77204,76347
5.8393598,35.94534,76516
5.8393598,35.94534,76543
5.920214,35.56383,76557
6.189729,34.292145,76727
6.189729,34.292145,76740
6.2705836,33.910637,76760
6.3514385,33.52913,76773
6.1048846,33.22698,76786
5.8583307,32.924828,76800
5.611777,32.622673,76814
5.365223,32.320522,76828
5.1026783,32.03255,76842
4.742145,31.657867,76856
4.4717917,31.376808,76870
4.2014384,31.09575,76884
4.021203,30.908379,76898
4.021203,30.908379,77071
4.021203,30.908379,77084
4.021203,30.908379,77099
3.6312225,30.908379,77112
3.7623117,30.699638,77126
3.8255103,30.350536,77140
3.9385169,30.073334,77154
4.0201,29.843847,77168
4.0201,29.840425,77182
4.020017,29.457335,77196
4.020017,29.08126,77211
4.020017,28.72993,77224
4.020017,28.473404,77238
4.020017,28.336805,77252
4.01322,28.276943,77273
3.96523,27.889927,77286
3.8692508,27.115894,77461
3.8692508,27.115894,77475
3.8692508,27.115894,77497
4.259231,27.115894,77511
4.373979,26.743177,77525
4.488727,26.37046,77539
4.6034746,25.997744,77553
4.7182226,25.625027,77567
4.8712196,25.12807,77581
4.9859676,24.755356,77595
5.0940533,24.380651,77609
5.202139,24.005949,77623
5.310224,23.631247,77638
5.4183097,23.256544,77652
5.5263953,22.88184,77666
5.634481,22.507137,77676
5.901216,22.222643,77684
6.1679516,21.938148,77696
6.3457756,21.748486,77710
6.7221026,21.6462,77724
6.972988,21.57801,77738
7.2175765,21.274265,77752
7.4621654,20.97052,77766
7.638213,20.790342,77779
7.638213,20.790342,77943
7.638213,20.790342,77957
7.638213,20.790342,77974
7.638213,20.790342,81132
7.638213,20.790342,81145
7.638213,20.790342,81161
7.638213,21.180323,81174
7.6469736,21.570206,81188
7.6586547,22.090048,81202
7.667415,22.479929,81216
7.6732554,22.739851,81230
7.514653,23.096123,81244
7.356051,23.452396,81256
7.144581,23.927425,81264
6.9859786,24.283699,81274
6.8273764,24.63997,81288
6.668774,24.996244,81302
6.5101714,25.352516,81316
6.3098154,25.687094,81330
6.109459,26.021671,81344
5.909103,26.356249,81357
5.7087464,26.690826,81371
5.50839,27.025404,81385
5.1820354,27.427977,81393
4.922466,27.719025,81401
4.6628966,28.01007,81415
4.39557,28.18455,81429
4.1980615,28.358303,81443
4.138076,28.743576,81457
4.0605516,29.257738,81471
4.0200152,29.643356,81485
3.9921644,30.026258,81499
3.9086127,30.407185,81513
3.815324,30.610775,81527
3.7241313,30.854244,81540
3.5417454,31.341183,81553
3.4049563,31.706385,81567
3.1882753,32.03063,81580
2.9715946,32.354874,81594
2.7549136,32.679115,81607
2.538233,33.00336,81621
2.4252756,33.36822,81634
2.3400388,33.881153,81648
2.275224,34.265713,81661
2.2104092,34.65027,81674
2.1455944,35.034824,81689
2.0807798,35.41938,81703
2.0001683,35.80077,81717
1.8827307,36.30731,81732
1.794787,36.687244,81746
1.7068434,37.067177,81760
1.6188996,37.447113,81774
1.5309559,37.82705,81788
1.3642324,38.179592,81802
1.2028863,38.352367,81816
1.1798269,38.72547,81830
1.1799955,39.24484,81844
1.1799955,39.634003,81858
1.1799955,40.022213,81872
1.1799955,40.40575,81886
1.244079,40.71132,81900
1.5679755,40.921185,81914
1.9052539,41.116962,81929
2.2425323,41.312737,81943
2.5798104,41.50851,81956
3.5916452,42.09584,82106
3.5916452,42.09584,82271
3.5916452,42.09584,82317
3.2016647,42.09584,82328
2.8875191,41.86476,82341
2.5733736,41.633682,82354
2.2592275,41.402603,82367
1.9450816,41.171528,82381
1.6309365,40.940445,82541
1.6309365,40.940445,82553
1.6309365,40.940445,82612
1.6309365,40.940445,82625
1.5760262,40.8201,82639
1.5286962,40.8201,82654
1.4883713,40.8201,82668
1.4192035,40.811184,82682
1.2721827,40.73502,82696
1.1799934,39.016308,82858
1.1799934,39.016308,82865
1.1799934,39.016308,82915
1.1799934,38.626328,82929
1.2192711,38.32104,82943
1.3364794,37.94909,82958
1.7271737,36.709255,83111
1.7271737,36.709255,83123
1.844382,36.337307,83169
1.9615906,35.965355,83183
2.0164077,35.579247,83197
2.0712247,35.19314,83211
2.126042,34.80703,83225
2.180859,34.42092,83239
2.2356763,34.034813,83252
2.2904932,33.648705,83266
2.4948113,33.316532,83280
2.699129,32.984356,83294
2.9715528,32.54146,83309
3.1758707,32.209286,83323
3.2868125,31.835419,83337
3.3977547,31.461552,83350
3.5456774,30.963062,83501
3.5456774,30.963062,83671
3.5456774,30.963062,83684
3.5456774,30.963062,83718
3.9356577,30.963062,83731
3.985381,30.576265,83745
4.0351043,30.189466,83759
4.101402,29.673737,83773
4.151125,29.28694,83786
4.179987,28.900263,83800
4.179987,28.554285,83814
4.274612,28.259014,83828
4.567504,28.00153,83842
4.860396,27.744043,83856
5.1532884,27.486557,83869
5.368296,27.161201,83883
5.583304,26.835846,83897
5.7983117,26.510489,83911
6.0133195,26.185133,83925
6.2283273,25.859777,83939
7.001839,24.357283,86861
7.001839,24.357283,86873
6.8318586,24.70827,86887
6.661878,25.059256,86901
6.491898,25.410242,86913
6.289474,25.743572,86926
6.0870495,26.076902,86939
5.8846254,26.410233,86952
5.614727,26.854673,86966
5.4797773,27.076895,86980
5.2223344,27.369823,86993
4.9648914,27.662754,87006
4.7074485,27.955685,87021
4.4428086,28.179928,87035
4.172628,28.443981,87048
4.054909,29.477245,87083
4.0200114,29.86472,87231
4.0200114,29.86472,89189
4.0200114,29.86472,89202
4.0200114,29.86472,89252
4.0200114,29.86472,89402
3.9527519,30.2459,89415
4.179901,30.300905,89429
4.179901,30.350481,89442
4.179901,30.394997,89456
4.179901,30.434952,89470
4.179901,30.469824,89484
4.1799407,30.511168,89498
4.1867065,30.570541,89512
4.2464147,30.70476,89526
4.5281086,30.828127,89539
4.9179277,30.820002,89552
5.307862,30.820002,89565
5.697776,30.820002,89578
6.217615,30.820002,89591
6.6074166,30.820002,89604
6.9970326,30.820002,89616
7.385876,30.820002,89629
7.385876,30.820002,89643
7.385876,30.820002,89657
7.1258893,30.820002,89671
6.6062603,30.820002,89684
6.2167335,30.820002,89697
5.8274283,30.820002,89710
5.4385877,30.820002,89723
5.050934,30.820002,89737
4.668154,30.820002,89750
4.449681,30.820002,89763
4.331899,30.777445,89776
4.171371,30.558533,89790
4.179996,30.1689,89803
4.179996,29.649652,89815
4.179996,29.260769,89829
4.179996,28.87356,89841
4.179996,28.531662,89855
4.2281218,28.317049,89867
4.6470942,28.142593,89879
5.929925,27.932413,90049
5.929925,27.932413,90060
6.312507,27.85681,90067
6.6298437,27.630135,90077
6.9471807,27.403458,90091
7.2645173,27.17678,90105
7.4760756,27.025663,90281
7.4760756,27.025663,90289
7.4760756,27.025663,90298
7.4760756,26.635683,90312
7.4996896,26.116425,90326
7.522507,25.727112,90340
7.545325,25.337801,90353
7.5681424,24.948488,90368
7.5909605,24.559175,90382
7.613778,24.169863,90396
7.6365957,23.78055,90410
7.6594133,23.39124,90423
7.668089,23.001484,90437
7.6706705,22.481516,90451
7.672713,22.09154,90465
7.674755,21.701565,90479
7.678839,20.921616,94166
7.678839,20.921616,94179
7.678839,20.921616,94193
7.288859,20.921616,94207
7.2694244,21.311111,94221
6.8953238,21.421263,94234
6.5786033,21.6488,94248
6.2618823,21.876335,94261
5.945162,22.103872,94274
5.5888243,22.26233,94287
5.232487,22.420786,94300
4.8761497,22.579243,94313
4.5198126,22.7377,94326
4.0446963,22.948975,94482
4.0446963,22.948975,94495
4.0446963,22.948975,94654
4.0446963,22.948975,94669
4.304683,22.948975,94683
4.7794385,22.766699,94697
5.1242,22.584425,94709
5.4689612,22.40215,94858
5.4689612,22.40215,94870
5.4689612,22.40215,94883
5.8589416,22.40215,94896
6.1015754,22.09684,94908
6.344209,21.79153,94921
6.715815,21.673235,94934
6.963552,21.59437,94947
7.2073684,21.290005,94960
7.4511843,20.98564,94973
7.6233234,20.795647,94986
7.6233234,20.795647,95148
7.6233234,20.795647,95160
7.6233234,20.795647,95173
7.6233234,20.795647,95186
7.804167,20.635048,95199
8.020035,19.373993,95361
8.020035,19.373993,95374
8.020035,19.373993,95387
8.020035,19.114006,95400
8.020035,18.63869,95413
8.020035,18.412281,95426
8.020035,18.412281,95439
8.019722,18.32569,95452
8.008082,18.258364,95465
7.93427,18.122778,95474
7.6462827,18.02331,95481
7.1365104,18.065048,95493
6.804008,18.069921,95506
6.5789833,18.079947,95519
6.5789833,18.079947,98283
6.5789833,18.079947,98296
6.189003,18.079947,98309
5.409042,18.079947,98332
5.2790484,18.079947,98474
5.2790484,18.079947,99035
5.2790484,18.079947,99047
5.3938203,18.079952,99059
5.4606614,17.695744,99072
5.5275025,17.311533,99084
5.5943437,16.927324,99095
5.661185,16.543114,99102
5.773228,16.169575,99112
5.8852715,15.796037,99125
6.0346627,15.297985,99138
6.1467066,14.924447,99151
6.25875,14.550908,99164
5.901488,14.394548,99176
5.5442257,14.238188,99189
5.1869636,14.081827,99337
5.1869636,14.081827,99348
5.1869636,14.081827,99499
5.1869636,14.081827,101216
5.1869636,14.081827,101227
5.5769434,14.081239,101239
5.9669237,14.080651,101251
6.2899346,13.862137,101263
6.612946,13.643622,101275
6.935957,13.425108,101286
7.258968,13.2065935,101297
7.6896496,12.91524,101464
7.6896496,12.91524,101628
7.6896496,12.91524,101641
7.6869526,12.5252695,101655
7.684255,12.135298,101668
7.681558,11.745327,101682
7.7223783,11.357489,101689
7.763199,10.96965,101697
7.8119555,10.608087,101712
7.8445873,10.13622,101727
8.0022,9.985715,101741
8.020016,9.617881,101755
8.020016,9.235809,101769
8.020016,8.864232,101784
8.020016,8.54173,101799
8.07879,8.288473,101814
8.16695,7.908589,101829
7.9316044,7.7981105,101844
7.64358,7.53519,101859
7.355556,7.27227,101873
7.067532,7.0093503,101889
6.779508,6.74643,101904
6.587492,6.5711503,101918
6.3101945,6.296941,101932
6.032897,6.0227313,101946
5.7555995,5.7485213,101961
5.478302,5.474312,101975
5.293437,5.291506,101990
4.9375606,5.450995,102005
4.581684,5.610484,102020
4.225808,5.7699738,102035
3.8699317,5.929463,102049
3.5140555,6.088952,102064
3.158179,6.2484417,102078
2.7768729,6.1666474,102092
2.3955665,6.084853,102107
2.2684643,6.0575886,102277
2.2684643,6.0575886,102287
2.2684643,6.0575886,102454
2.5997863,6.2632837,102474
2.8566592,6.5567136,102487
3.1135318,6.8501434,102501
3.3704047,7.1435738,102515
3.6272776,7.4370036,102529
4.0024843,7.543327,102544
4.3776913,7.64965,102559
4.7528977,7.7559733,102574
5.1363997,7.8267612,102588
5.647736,7.9211454,102604
5.903404,7.9683375,102618
6.159072,8.01553,102633
6.5432873,8.082339,102647
6.927502,8.14915,102662
7.177809,8.1136055,102676
7.37394,8.021675,102691
7.625523,8.029926,102705
7.9374943,8.130939,102881
7.9374943,8.130939,103048
7.9374943,8.130939,103059
7.9374943,8.130939,103067
7.7714453,8.024415,103076
7.660951,8.029901,103089
7.6875772,8.029901,103102
7.703415,8.029901,103115
7.7174463,8.030275,103126
7.762726,8.03548,103139
7.919227,8.108815,103152
8.027356,8.3941555,103165
8.020012,9.896986,103311
8.020012,9.896986,103323
8.020012,9.896986,103339
8.020012,10.286967,103352
8.082448,10.671917,103365
8.144883,11.056868,103378
8.15169,11.446788,103391
8.158497,11.836709,103404
8.165303,12.22663,103417
8.17211,12.616551,103430
8.178916,13.006473,103443
8.179998,13.396387,103456
8.179998,13.786273,103469
8.179998,14.176101,103482
8.179998,14.6956215,103495
8.179998,15.084375,103508
8.135857,15.471849,103522
8.091716,15.8593235,103535
8.047574,16.246798,103549
7.9887185,16.76343,103563
7.9445767,17.150904,103577
7.9004354,17.538378,103590
7.8562937,17.925852,103603
7.938496,18.126928,103616
8.020028,18.540329,103629
8.020028,18.898827,103642
8.020013,19.284897,103655
8.020014,19.66797,103668
7.8967643,20.28951,103813
7.8967643,20.28951,106171
7.8967643,20.28951,106184
7.8967643,20.28951,106197
7.9930663,20.006218,106210
7.8686967,20.375835,106222
7.9094906,20.098734,106229
8.032841,19.866068,106238
8.020033,19.507551,106252
8.020033,19.401829,106265
8.020033,19.401829,106277
8.020033,19.401829,106437
8.020033,19.401829,106450
8.020033,19.79181,106464
8.020033,20.701763,106615
8.020033,20.701763,106627
8.020033,20.701763,106641
8.020033,20.311783,106654
7.8487325,20.507357,106667
7.814677,20.567808,106674
7.665533,20.787136,106682
7.2980986,20.820005,106696
6.9094434,20.820005,106709
6.55465,20.820005,106722
6.3524995,20.799917,106882
6.3524995,20.799917,106894
6.3524995,20.799917,109080
6.3524995,20.799917,109093
6.3524995,20.799917,109106
5.962519,20.799917,109119
5.9135456,20.413025,109132
5.8645725,20.02613,109145
5.8200126,19.639238,109158
5.8200126,19.38281,109171
5.8200126,19.38281,109184
5.8200126,19.38281,109197
5.8200126,19.0201,109210
5.8200126,19.0201,109223
5.8200126,19.0201,109235
5.8200126,19.41008,109248
5.8200126,19.412058,109261
5.8200126,19.412058,109273
5.8200126,19.022078,109286
5.8200126,19.022078,109299
5.8200126,19.022078,109313
5.8200126,19.412058,109325
5.8200126,19.412058,109338
5.8200126,19.412058,109351
5.8200126,19.152071,109364
5.8200126,19.022078,109377
5.8200126,19.022078,109390
5.8200126,19.022078,109403
5.8200126,19.412058,109411
5.8200126,19.412058,109418
5.8200126,19.412058,109429
5.8200126,19.022078,109442
5.8200126,19.0201,109455
5.8200126,19.0201,109468
5.8200126,19.41008,109481
5.8200126,19.41008,109494
5.8200126,19.41008,109505
5.8200126,19.0201,109512
5.8200126,19.0201,109522
5.8200126,19.0201,109535
5.8200126,19.41008,109548
5.8200126,19.412058,109561
5.8200126,19.412058,109574
5.8200126,19.022078,109587
5.8200126,19.022078,109600
5.8200126,19.022078,109613
5.8200126,19.412058,109626
5.8200126,19.412058,109638
5.8200126,19.412058,109651
5.8200126,19.022078,109664
5.8200126,19.022078,109677
5.8200126,19.022078,109689
5.8200126,19.412058,109702
5.8200126,19.412058,109715
5.8200126,19.412058,109728
5.8200126,19.022078,109738
5.8200126,19.022078,109745
5.8200126,19.022078,109755
5.8200126,19.282064,109769
5.8200126,19.412058,109782
5.8200126,19.412058,109794
5.8200126,19.412058,109807
5.8200126,19.022078,109820
5.8200126,19.022078,109832
5.8200126,19.022078,109977
5.8200126,19.022078,109990
5.8200126,19.412058,110002
5.9519753,19.779032,110011
6.1719136,20.390657,110161
6.1719136,20.390657,110173
6.1719136,20.390657,110186
6.1719136,20.780638,110199
6.524527,20.832903,110212
6.9116287,20.820011,110225
7.2943964,20.820011,110238
7.626352,20.811655,110251
7.626352,20.811655,110413
7.626352,20.811655,110425
7.626352,20.811655,110438
7.626352,20.811655,110451
7.8027086,20.637947,110464
8.020035,19.377014,110625
8.020035,19.377014,110637
8.020035,19.377014,110650
8.020035,18.987034,110663
8.020035,18.641191,110676
8.020035,18.413536,110690
8.020035,18.413536,110702
8.020035,18.345308,110716
8.008423,18.259611,110729
7.936191,18.124939,110743
7.6513762,18.02206,110750
7.268225,18.031826,110757
6.89523,18.1145,110770
6.5836883,18.079948,110783
6.5836883,18.079948,110800
6.7294784,17.718245,110813
6.875268,17.356539,110826
7.0210576,16.994835,110839
7.166847,16.633131,110852
7.3126373,16.271425,110865
7.458427,15.909721,110878
7.604217,15.5480175,110891
7.6115527,15.158106,110900
7.6213336,14.638224,110907
7.6286693,14.248312,110919
7.6360054,13.8584,110932
7.643341,13.46849,110945
7.6506767,13.078578,110958
7.6580124,12.688666,110971
7.6653485,12.298755,110984
7.6751294,11.7788725,110998
7.7169085,11.391137,111011
7.7586875,11.003401,111024
7.7957644,10.634679,111037
7.832074,10.261783,111050
7.9351177,10.076915,111063
8.020101,9.846503,111076
8.020101,9.8439665,111089
8.020016,9.58486,111103
8.020016,9.203284,111110
8.020016,8.833442,111117
8.020016,8.527727,111130
7.978642,8.189777,111679
7.978642,8.189777,111692
7.978642,8.189777,111705
7.7896776,8.029251,111717
7.917513,8.10733,111730
8.028367,8.390037,111743
8.020011,8.777809,111756
8.020011,9.164538,111769
8.020011,9.676506,111782
7.980592,10.052497,111795
7.8623347,10.424115,111807
7.798329,10.808807,111819
7.7343235,11.1935,111826
7.4360538,11.596306,111835
7.166647,11.878272,111848
6.89724,12.160238,111861
6.6278334,12.4422035,111874
6.3584266,12.72417,111888
6.08902,13.006136,111900
5.819613,13.288101,111912
5.550206,13.570067,111925
5.2807994,13.852034,111937
5.0113926,14.133999,111950
4.741986,14.415965,111963
4.3827767,14.79192,111976
4.1133704,15.073886,111989
3.8325295,15.344465,112001
3.5516887,15.615045,112014
3.270848,15.885624,112027
2.9900072,16.156204,112040
2.7064743,16.42396,112054
2.4229414,16.691717,112067
2.1394086,16.959475,112080
1.6553406,17.030561,112088
1.2657834,17.012394,112097
1.2657834,17.012394,112250
1.2657834,17.012394,112262
1.2657834,17.012394,112412
1.2657834,17.012394,114233
1.2657834,17.012394,114247
1.4982364,17.128838,114260
1.8495142,17.298162,114273
2.3195455,17.520521,114286
2.6720517,17.687326,114300
3.0245578,17.854134,114314
3.377064,18.020939,114327
3.6120682,18.132143,114341
4.0014644,18.153484,114354
4.39086,18.174826,114367
4.780168,18.179995,114380
5.0868435,18.112907,114393
5.399753,18.079948,114406
5.783358,18.079985,114420
6.1535826,18.079985,114433
6.5387425,18.079985,114446
6.9195876,18.111296,114459
7.1757703,18.116335,114472
7.355019,18.024761,114486
7.528566,18.029924,114646
7.528566,18.029924,114790
7.528566,18.029924,114803
7.528566,18.029924,114815
7.528566,18.029924,114822
7.607846,18.029924,114831
7.664496,18.029924,114845
7.7046356,18.029924,114859
7.78026,18.038975,114873
7.9034104,18.096651,114887
8.033021,18.331303,114901
8.020026,18.703978,114915
8.020026,19.03509,114929
8.020026,19.03509,114942
8.020026,19.03509,114957
8.020026,19.295076,114970
8.020019,19.679878,114978
7.936524,20.177406,114986
7.8200474,20.529505,115000
7.8056674,20.604044,115014
7.6784897,20.778633,115027
7.1866026,20.820005,115041
6.7984905,20.820005,115055
6.6701007,20.820005,115070
6.6701007,20.820005,115085
6.3542204,20.800802,115098
6.1844354,20.606955,115112
6.1799946,20.221394,115126
6.1799946,19.83233,115140
6.1799946,19.44549,115155
6.1799946,19.44549,115169
6.1799946,19.44549,115190
6.1799946,19.965466,115198
6.1799946,20.35204,115207
6.1799946,20.565042,115220
6.2440925,20.701948,115233
6.511349,20.832355,115248
6.898531,20.820011,115262
7.4060655,20.820011,115276
7.620517,20.813885,115291
7.736253,20.728714,115306
7.8254356,20.272955,115321
8.020034,19.392239,115475
8.020034,19.392239,115494
8.03935,19.002737,115507
8.058666,18.613235,115520
8.077982,18.223734,115534
8.142368,16.925394,115704
8.142368,16.925394,115717
8.120375,17.184448,115734
8.124072,17.054405,115748
8.146115,16.665049,115761
8.168159,16.27569,115773
8.179995,15.756747,115781
8.1565695,15.36848,115791
8.109718,14.850621,115805
8.07458,14.462227,115817
8.024652,14.075456,115831
7.9747224,13.688684,115844
7.9247932,13.301913,115857
7.891507,13.044066,115871
7.8379,12.657787,115886
7.784293,12.271509,115899
7.730686,11.885231,115913
7.732703,11.497246,115926
7.762532,11.108408,115940
7.7749386,10.71882,115953
7.830602,10.226027,115967
7.950839,10.060819,115981
8.020016,9.742478,115995
8.020016,9.35888,116009
8.020016,8.9823885,116022
8.020016,8.634014,116035
8.020016,8.400099,116049
8.020016,8.400099,116063
8.017503,8.301256,116076
7.992048,8.213229,116084
7.849217,8.054394,116091
7.350899,8.029994,116105
6.9614887,8.051068,116118
5.663453,8.121316,116268
5.663453,8.121316,116281
5.663453,8.121316,118208
5.663453,8.121316,118221
6.052089,8.0889635,118234
6.4394116,8.134416,118247
6.8267345,8.179869,118260
7.152513,8.142174,118273
7.31533,8.033095,118286
7.5759945,8.029999,118299
7.7298064,8.029999,118312
7.7298064,8.029999,118326
7.80296,8.044556,118340
7.944404,8.132143,118353
8.020012,8.447624,118366
8.020011,8.96412,118380
8.020011,9.3500595,118393
8.020011,9.732829,118406
7.9742713,10.1079035,118420
7.8905125,10.354029,118433
7.8282685,10.468151,118443
7.8282685,10.468151,118450
7.8282685,10.468151,118462
7.8282685,10.858132,118476
7.4383297,10.852448,118490
7.0483904,10.846765,118504
6.6584516,10.841081,118518
6.2685122,10.835397,118531
5.878573,10.829714,118545
5.488634,10.82403,118559
4.968718,10.820002,118573
4.5788183,10.820002,118586
4.189069,10.820002,118599
4.059288,10.820002,118612
4.059288,10.820002,118629
3.9427056,11.192148,118643
4.173097,11.506798,118656
4.403489,11.821448,118669
4.6338806,12.136098,118683
4.864272,12.4507475,118696
5.121015,12.743281,118709
5.390709,13.024973,118722
5.660291,13.306771,118735
5.9298735,13.588569,118748
6.1994557,13.870367,118762
6.4743686,14.146968,118776
6.749281,14.423568,118790
7.024194,14.700169,118805
7.390744,15.068969,118819
7.425518,15.457396,118833
7.460292,15.845822,118848
7.5066566,16.363726,118863
7.54143,16.752153,118878
7.576204,17.14058,118893
7.6225686,17.658482,118908
7.657342,18.029902,118916
7.7694163,18.035583,118923
7.8837676,18.083015,118936
8.026539,18.285982,118951
8.020028,18.77782,118966
8.020013,19.164434,118979
8.020013,19.548733,118993
8.020013,19.92726,119008
7.8954506,20.296812,119022
7.8954506,20.296812,119192
7.8954506,20.296812,119206
7.8954506,20.556799,119220
7.620193,20.810577,119234
7.2381577,20.820007,119248
6.849759,20.820007,119261
6.7210145,20.820007,119274
6.7210145,20.820007,119287
6.4001803,20.81883,119300
6.4001803,20.81883,119469
6.4001803,20.81883,119482
6.4001803,20.81883,120377
6.4001803,20.81883,120390
6.4001803,20.81883,120403
6.7897387,20.822803,120416
7.17464,20.820013,120429
7.425041,20.820013,120442
7.639448,20.806019,120455
7.8138795,20.612041,120469
7.82371,20.225664,120483
7.9857845,20.012804,120498
8.020036,19.682795,120512
8.020036,19.355095,120525
8.020036,19.355095,120540
8.020036,19.355095,120550
8.020036,18.965115,120557
8.020036,18.62325,120568
8.020036,18.404696,120583
8.020036,18.404696,120598
8.019477,18.322344,120612
7.9900846,18.208448,120622
7.8432827,18.051723,120630
7.4792233,18.029984,120642
7.0980883,18.087152,120656
6.658526,18.08,120670
6.658526,18.079899,120684
6.658526,18.079899,120700
6.918513,18.079899,120713
7.129556,17.698433,120727
7.2189116,17.318829,120742
7.3082666,16.939222,120756
7.397622,16.559616,120770
7.5167623,16.053476,120785
7.6061177,15.67387,120799
7.6130533,15.283952,120814
7.6199884,14.8940325,120828
7.6292353,14.374141,120842
7.6361704,13.984222,120856
7.6431055,13.594303,120870
7.6500406,13.204385,120883
7.656976,12.8144655,120897
7.6639113,12.424547,120912
7.673158,11.904655,120926
7.711477,11.5165615,120940
7.7497954,11.1284685,120953
7.7753415,10.86974,120960
7.839607,10.50746,120969
7.841312,10.137364,120984
7.9987574,9.9924965,120999
8.020016,9.62699,121012
8.020016,9.118993,121026
8.020016,8.754915,121041
8.020016,8.472102,121055
8.115479,8.0939865,121069
7.8328347,7.8252916,121081
7.55635,7.5502625,121094
7.2798657,7.2752337,121108
7.003381,7.0002046,121121
6.7268963,6.7251754,121134
6.4509907,6.4495654,121148
6.175085,6.173955,121162
5.8991795,5.898345,121171
5.5313053,5.5308647,121178
5.2554,5.2552547,121337
5.2554,5.2552547,124874
5.2554,5.2552547,124887
5.2554,5.2552547,124908
5.2554,5.2552547,125055
5.2554,5.2552547,125067
5.6453805,5.2552547,125080
5.8600173,5.5808554,125093
6.0746546,5.906456,125106
6.2892914,6.2320566,125120
6.559434,6.5133176,125133
6.829577,6.794578,125146
7.09972,7.0758386,125159
7.369863,7.3570995,125172
7.734432,7.4955707,125185
7.977478,7.587885,125350
7.977478,7.587885,125519
7.977478,7.587885,125531
7.977478,7.587885,125544
7.587497,7.587885,125558
7.614762,7.976911,125572
7.6407313,8.029901,125585
7.6693707,8.029901,125598
7.6877675,8.029901,125612
7.70281,8.029901,125624
7.7276835,8.030917,125637
7.78814,8.041141,125648
7.9192433,8.108768,125660
8.027358,8.3941345,125671
8.020012,9.896963,125823
8.020012,9.896963,125836
8.020012,9.896963,125850
8.020012,10.286943,125864
7.8639555,10.4948845,125878
7.819898,10.516023,125891
7.811356,10.579305,125904
7.6786084,10.777773,125917
7.3154883,10.820528,125930
6.925515,10.82,125943
6.535544,10.82,125957
6.145576,10.820001,125970
5.7556124,10.820001,125984
5.2356744,10.820001,125997
4.8457437,10.820001,126010
4.4558697,10.820001,126023
4.0662723,10.820001,126036
4.0662723,10.820001,126050
4.0662723,10.820001,126067
3.6762917,10.820001,126080
3.7650998,11.199735,126093
4.0170946,11.497364,126106
4.2690897,11.794994,126119
4.5210843,12.092624,126132
4.8570776,12.489463,126139
5.128614,12.769379,126145
5.40015,13.049294,126157
5.671686,13.32921,126169
5.9432225,13.609126,126181
6.214759,13.889042,126193
6.398239,14.073238,126205
6.7651997,14.44163,126217
7.04042,14.717924,126229
7.3156404,14.994219,126241
7.4991207,15.178415,128360
7.4991207,15.178415,128373
7.4991207,15.178415,128386
7.4991207,14.918427,128398
7.5212865,14.399084,128411
7.5427523,14.009695,128424
7.5642176,13.620306,128437
7.5856833,13.230917,128450
7.6071486,12.841527,128463
7.63577,12.322342,128475
7.657235,11.932952,128487
7.6993914,11.545257,128499
7.7415476,11.157561,128511
7.769652,10.899098,128523
7.7854133,10.646894,128534
7.8291574,10.152894,128546
7.980347,10.02335,128558
8.020017,9.672559,128568
8.020017,9.163565,128576
8.020017,8.79618,128589
8.020017,8.427806,128602
7.9305015,8.078867,128615
7.9074955,7.689566,128629
7.87682,7.170498,128643
7.8538136,6.7811966,128656
7.8308077,6.3918953,128669
7.8078012,6.002594,128683
7.784795,5.6132927,128696
7.761789,5.2239914,128710
7.7311134,4.7049227,128723
7.7081075,4.3156214,128737
7.451366,4.0220766,128750
7.1946244,3.7285318,128763
6.937883,3.434987,128776
6.681141,3.1414423,128789
6.2925334,3.108747,128802
5.77439,3.0651531,128816
5.3857827,3.0324578,128828
5.256247,3.0215592,128978
5.256247,3.0215592,128989
5.256247,3.0215592,129120
5.256247,3.0215592,129633
5.256247,3.0215592,129645
5.5122886,2.976438,129657
6.0243716,2.8861954,129670
5.8780246,3.2476747,129683
5.731677,3.6091537,129695
5.5853295,3.970633,129707
5.438982,4.3321123,129719
5.243852,4.8140845,129731
5.0722985,5.1643047,129743
4.9007454,5.514525,129756
4.729192,5.864745,129769
4.5576386,6.2149653,129781
4.386085,6.5651855,129794
4.214532,6.9154058,129807
4.0429783,7.2656264,129819
3.7559066,7.503795,129831
3.2961316,7.746653,129843
2.9513004,7.928797,129855
2.6064694,8.079954,129867
2.2218075,8.079987,129879
1.8497837,8.079987,129890
1.8497837,8.079987,129898
1.8497837,8.079987,129905
1.8497837,8.079987,129918
1.8497837,8.079987,129932
1.8497837,8.079987,129945
1.8497837,8.079987,129958
1.8497837,8.079987,129971
1.8497837,8.079987,129984
1.8497837,8.079987,129998
1.8497837,8.079987,130011
1.8497837,8.079987,130024
1.8497837,8.079987,130037
1.8497837,8.079987,130050
1.8497837,8.079987,130063
1.8497837,8.079987,130076
1.8497837,8.079987,130089
1.8497837,8.079987,130103
1.8497837,8.079987,130116
1.8497837,8.079987,130128
1.8497837,8.079987,130140
1.8497837,8.079987,130153
1.8497837,8.079987,130167
1.8497837,8.079987,130180
1.8497837,8.079987,130193
1.8497837,8.079987,130207
1.8497837,8.079987,130220
1.8497837,8.079987,130233
1.8497837,8.079987,130242
1.8497837,8.079987,130249
1.8497837,8.079987,130260
1.8497837,8.079987,130274
1.8497837,8.079987,130287
1.8497837,8.079987,130300
1.8497837,8.079987,130312
1.8497837,8.079987,130326
1.8497837,8.079987,130336
1.8497837,8.079987,130343
1.8497837,8.079987,130355
1.8497837,8.079987,130368
1.8497837,8.079987,130382
1.8497837,8.079987,130538
1.8497837,8.079987,133966
1.8497837,8.079987,133978
2.0869818,7.973543,133990
2.4716072,7.9091377,134001
2.8562326,7.844732,134013
3.240858,7.7803264,134025
3.6254835,7.7159204,134154
3.6254835,7.7159204,135211
3.6254835,7.7159204,135221
3.6254835,7.7159204,135237
3.6254835,7.7159204,135388
3.6254835,7.7159204,138933
3.6254835,7.7159204,138946
3.6254835,7.7159204,138959
3.235503,7.7159204,138972
3.1180806,7.344038,138986
3.0006585,6.972155,138999
2.8832362,6.600272,139012
2.5606952,6.3810644,139026
2.2381544,6.1618567,139039
2.2381544,6.1618567,139180
2.2381544,6.1618567,139187
2.2381544,6.1618567,139339
2.2381544,6.1618567,140355
2.2381544,6.1618567,140361
2.2381544,6.1618567,140369
2.2381544,6.1618567,140525
2.2381544,6.1618567,142563
2.2381544,6.1618567,142575
2.2381544,6.1618567,142587
2.2381544,6.1618567,142741
2.2381544,6.1618567,144882
2.2381544,6.1618567,144895
2.2381544,6.1618567,144907
2.2381544,6.1618567,145068
2.2381544,6.1618567,147013
2.2381544,6.1618567,147024
2.2381544,6.1618567,147035
2.2381544,6.1618567,147172
2.2381544,6.1618567,148958
2.2381544,6.1618567,148970
2.2381544,6.1618567,148982
2.2381544,6.1618567,149126
2.2381544,6.1618567,151528
2.2381544,6.1618567,151539
2.2381544,6.1618567,151550
2.2381544,6.1618567,151703
2.2381544,6.1618567,153720
2.2381544,6.1618567,153732
2.5990746,6.309577,153744
2.7741714,5.961115,153757
2.9492683,5.612653,153770
3.1243653,5.2641907,153783
3.357828,4.799575,153796
3.532925,4.4511127,153809
3.7080219,4.1026506,153820
3.7235,3.7129774,153833
3.7389781,3.3233042,153846
3.754456,2.933631,153859
3.7699342,2.5439577,153872
3.7905717,2.0243936,153885
3.8060498,1.6347203,153897
3.821528,1.2450471,153909
3.447818,1.1335762,153922
3.1986783,1.0592622,154062
3.1986783,1.0592622,154074
3.1986783,1.0592622,154220
3.1986783,1.0592622,154769
3.1986783,1.0592622,154780
3.5562305,0.9035667,154787
3.5937426,1.2917389,154798
3.6312547,1.6799111,154811
3.6687665,2.0680833,154824
3.7062783,2.4562554,154838
3.7437904,2.8444276,154851
3.7813022,3.2325997,154864
3.8188143,3.620772,154877
3.8208497,4.010747,154889
3.822885,4.4007225,154902
3.8249202,4.7906976,154915
3.8269556,5.1806726,154928
3.8296695,5.7006397,154941
3.8317046,6.090615,154955
3.83374,6.48059,154967
3.8357754,6.870565,154980
3.838489,7.390532,154994
3.8391995,7.780512,155008
3.8394363,7.9105053,155021
3.8394363,7.9105053,155034
3.8394363,7.9105053,155048
4.229417,7.9105053,155062
4.0258822,8.072267,155072
4.0258822,8.072267,155079
4.0258822,8.072267,155091
3.6359017,8.072267,155104
3.6359017,8.072267,155116
3.6359017,8.072267,155129
4.0258822,8.072267,155140
4.038124,8.127338,155147
4.038124,8.127338,155157
4.038124,8.127338,155170
3.6481435,8.127338,155184
3.6430695,8.163303,155197
3.6430695,8.163303,155211
4.03305,8.163303,155224
4.03305,8.163303,155237
4.03305,8.163303,155250
3.6430695,8.163303,155264
3.6430695,8.163303,155278
3.6430695,8.163303,155291
4.03305,8.163303,155298
4.03305,8.163303,155305
4.03305,8.163303,155318
3.6430695,8.163303,155331
3.6430695,8.163303,155345
3.6430695,8.163303,155358
4.03305,8.163303,155372
4.03305,8.163303,155386
4.03305,8.163303,155399
3.6430695,8.163303,155412
3.6430695,8.163303,155425
3.6430695,8.163303,155439
4.03305,8.163303,155453
4.03305,8.163303,155466
4.03305,8.163303,155478
3.6430695,8.163303,155491
3.6430695,8.163303,155504
3.6430695,8.163303,155517
4.03305,8.163303,155530
4.9430046,8.163303,155684
4.9430046,8.163303,155842
4.9430046,8.163303,159532
4.9430046,8.163303,159546
4.9430046,8.163303,159560
4.9430046,8.163303,159721
4.9430046,8.163303,161914
4.9430046,8.163303,161926
4.9430046,8.163303,161939
4.9430046,8.163303,162089
4.9430046,8.163303,166158
4.9430046,8.163303,166170
4.9430046,8.163303,166182
4.9430046,8.163303,166339
4.9430046,8.163303,167445
4.9430046,8.163303,167480
4.9430046,8.163303,167518
4.9430046,8.163303,167918
4.9430046,8.163303,172448
4.9430046,8.163303,172460
4.9430046,8.163303,172473
4.9430046,8.163303,172637
4.9430046,8.163303,173535
4.9430046,8.163303,173542
4.9430046,8.163303,173550
4.9430046,8.163303,173696
4.9430046,8.163303,175753
4.9430046,8.163303,175766
4.68336,8.176649,175779
4.164567,8.179995,175793
3.95223,7.85289,175806
4.1054664,7.4942765,175819
4.2587023,7.1356635,175832
4.4119387,6.77705,175844
4.6162534,6.298899,175851
4.76949,5.940286,175860
4.922726,5.5816727,175873
5.0248833,5.3425975,176010
5.0248833,5.3425975,176022
5.0248833,5.3425975,176175
5.0248833,5.3425975,176188
4.634903,5.3425975,176202
4.509341,5.711811,176215
4.3837786,6.081025,176228
4.2582164,6.450239,176241
4.132654,6.8194532,176253
4.007092,7.188667,176267
3.9233842,7.4348097,176281
3.57674,7.6134787,176294
3.2300959,7.7921476,176308
2.8834517,7.9708166,176321
2.6523554,8.089929,176334
2.4410837,8.179942,176343
2.3083823,8.236677,176351
2.168107,8.500849,176364
2.1776538,8.890713,176378
2.1799974,9.280565,176392
2.1799974,9.670328,176406
2.1799977,10.059821,176420
2.1799974,10.31892,176576
2.1799974,10.31892,176589
2.1799974,10.31892,176603
2.1799974,10.578907,176617
2.4816887,10.830699,176631
2.8715696,10.821887,176645
3.2614284,10.820002,176658
3.650947,10.820002,176672
3.650947,10.820002,176685
3.650947,10.820002,176700
3.910934,10.820002,176714
3.9333322,11.194846,176728
4.1651645,11.508435,176742
4.396997,11.822025,176752
4.706107,12.240145,176759
4.9379396,12.553735,176771
5.2077107,12.835352,176784
5.4774814,13.11697,176797
5.7472525,13.398587,176810
6.017023,13.680204,176823
6.1968703,13.8679495,176836
6.380157,14.052339,176849
6.74673,14.421117,176864
7.02166,14.6977,176878
7.2965894,14.974283,176891
7.479876,15.158672,177047
7.479876,15.158672,177060
7.479876,15.158672,177074
7.479876,15.548653,177087
7.5081673,15.937606,177100
7.5364585,16.32656,177114
7.5647492,16.715511,177127
7.5930405,17.104465,177141
7.630762,17.623068,177155
7.6590533,18.012022,177169
7.7688494,18.035465,177183
7.882733,18.082354,177197
8.026015,18.283651,177211
8.020028,18.654701,177225
8.020028,18.996605,180046
8.020028,18.996605,180052
8.020028,18.996605,180099
8.020028,19.386585,180109
8.020028,20.296541,180245
7.9403186,20.39923,180296
7.8552465,20.497519,180303
7.6794267,20.83921,180311
7.470437,21.168465,180323
7.1066337,21.308935,180337
6.74283,21.449406,180350
6.4377832,21.69237,180363
6.1327367,21.935331,180376
5.9293723,22.097307,180390
5.795936,22.463749,180396
5.6625,22.83019,180403
5.484585,23.31878,180414
5.351148,23.685223,180426
5.217712,24.051664,180438
4.8901014,24.26322,180451
4.5624905,24.474775,180465
4.23488,24.686333,180478
3.9072695,24.897888,180491
3.4704552,25.179964,180505
3.1428444,25.39152,180518
2.9942756,25.752092,180532
2.8457067,26.112663,180546
2.647615,26.593426,180559
2.499046,26.953999,180567
2.1530223,27.32751,180577
1.8565215,27.580833,180591
1.7282647,27.94912,180605
1.6855123,28.071882,180618
1.6855123,28.071882,180631
1.6855123,28.071882,180644
1.6855123,28.071882,180656
1.6855123,28.071882,180664
1.6855123,28.071882,180671
1.6855123,28.071882,180683
1.6855123,28.071882,180696
1.6855123,28.071882,180709
1.6855123,28.071882,180721
1.6855123,28.071882,180735
1.6855123,28.071882,180748
1.6855123,28.071882,180760
1.6855123,28.071882,180774
1.6855123,28.071882,180788
1.6855123,28.071882,180800
1.6855123,28.071882,180813
1.6855123,28.071882,180827
1.6855123,28.071882,180840
1.6855123,28.071882,180854
1.6855123,28.071882,180868
1.6855123,28.071882,180880
1.6855123,28.071882,180894
1.6855123,28.071882,180908
1.6855123,28.071882,180920
1.6855123,28.071882,180933
1.6855123,28.071882,180947
1.6855123,28.071882,180960
1.6855123,28.071882,180974
1.6855123,28.071882,180986
1.6855123,28.071882,181140
1.6855123,28.071882,182733
1.6855123,28.071882,182747
1.6855123,28.071882,182762
1.6855123,27.811893,182776
2.03117,27.501331,182790
2.1806147,27.14112,182805
2.3300595,26.78091,182819
2.4795043,26.420702,182833
2.6289492,26.060492,182846
2.9486291,25.837132,182859
3.268309,25.613773,182873
3.6945486,25.31596,182887
4.0142283,25.0926,182900
4.3339086,24.86924,182913
4.7601485,24.571426,182922
4.8667088,24.496975,183057
4.8667088,24.496975,183069
4.8667088,24.496975,183082
5.256689,24.496975,183095
5.5909123,24.296028,183107
5.925136,24.095081,183120
6.2593594,23.894135,183133
6.593583,23.69319,183147
6.9278064,23.492243,183161
7.26203,23.291296,183174
7.7544913,23.14135,183188
8.008527,23.08604,183356
8.008527,23.08604,183369
8.008527,23.08604,183383
7.6185465,23.08604,183397
7.64671,22.697079,183410
7.6748734,22.308117,183424
7.7124243,21.789501,183432
7.7405877,21.400537,183441
7.7687507,21.011576,183455
7.7936454,20.632502,183469
7.831508,20.262114,183483
7.9269185,20.083675,183497
8.020035,19.702738,183512
8.020035,19.369986,183526
8.020022,18.993782,183540
8.020022,18.646801,183554
8.020022,18.5535,183713
8.020022,18.5535,183725
8.020022,18.5535,183732
8.020022,18.163519,183741
7.7769575,18.033785,183755
7.273262,18.029982,183768
6.8984203,18.1163,183782
6.5881824,18.079948,183796
6.5881824,18.079948,183812
6.2047553,18.079983,183826
5.8354807,18.079983,183839
5.6047983,17.765547,183852
5.374116,17.45111,183865
5.1434336,17.136673,183878
4.835857,16.717424,183893
4.6051745,16.402988,183905
4.374492,16.08855,183918
4.14381,15.774115,183931
3.9900217,15.56449,183944
3.7486198,15.258206,183957
2.943947,14.237259,184119
2.943947,14.237259,184135
2.7010875,13.93213,184149
2.458228,13.627,184159
2.1344156,13.2201605,184167
1.9725094,13.016741,184179
2.0532408,12.635208,184193
2.1339722,12.253675,184209
2.241614,11.744966,184224
2.3060796,11.36035,184238
2.3490565,11.103939,184253
2.2820647,10.852732,184266
2.17081,10.548818,184279
2.179735,10.158939,184292
2.1799977,9.769078,184305
2.1799977,9.379306,184318
2.1799977,8.989778,184331
2.1799977,8.601525,184344
2.0200825,8.389274,184357
2.0081894,8.252683,184370
1.877664,8.077514,186543
1.877664,8.077514,186556
1.877664,8.077514,186594
1.877664,8.077514,186739
1.877664,8.077514,188490
1.877664,8.077514,188496
2.112916,7.966836,188509
2.2104146,8.0528145,188522
2.2140021,8.182758,188535
2.1470933,8.5669565,188548
2.0801842,8.951154,188562
2.0200171,9.335352,188575
2.0200171,9.71752,188588
1.8842475,10.333148,188725
1.8842475,10.333148,188739
1.8009729,10.647705,188752
1.5207082,10.910213,188765
1.2196289,11.158076,188779
1.0189093,11.323318,188793
1.0189093,11.323318,188951
1.0189093,11.323318,188959
1.0189093,11.713299,188966
0.941652,11.738748,188980
1.3305265,11.709397,188993
1.719401,11.680048,189006
3.0156493,11.582216,189148
3.0156493,11.582216,189160
2.659659,11.422982,189174
3.0483286,11.454928,189187
3.4369986,11.486875,189200
3.744465,11.7267685,189213
4.051932,11.966663,189226
4.3593984,12.206556,189239
4.666865,12.446451,189251
4.8718424,12.60638,189264
5.152564,12.877083,189277
6.0883026,13.779427,189428
6.0883026,13.779427,189441
6.1818767,13.869661,189455
6.458352,14.144699,189468
6.734827,14.419738,189481
7.4720945,15.153174,189636
7.4720945,15.153174,189786
7.4720945,15.153174,189797
7.4720945,15.153174,189813
7.4720945,15.543155,189827
7.501421,15.932032,189840
7.5991774,17.228285,190011
7.5991774,17.228285,190024
7.471996,17.255177,190038
7.548139,17.637651,190051
7.6242824,18.020126,190065
7.749439,18.031967,190079
7.845976,18.062061,190092
7.9969225,18.205664,190106
8.020028,18.558329,190120
8.020028,18.9148,190134
8.020014,19.40312,190148
7.8578186,20.403887,190321
7.8578186,20.403887,190334
7.8578186,20.403887,190348
7.8578186,20.793869,190362
7.599504,20.894423,190376
7.212032,20.850264,190390
6.824559,20.820011,190404
6.306738,20.810919,190418
5.9177113,20.78366,190432
5.5574584,20.833445,190445
5.167834,20.820005,190458
4.7783537,20.820005,190471
4.389499,20.820005,190484
4.1315856,20.820005,190497
4.1315856,20.820005,190511
4.1315856,20.820005,192371
4.1315856,20.820005,192385
3.741605,20.820005,192400
3.741605,20.820005,192413
3.7588727,21.209602,192420
3.7761407,21.599201,192428
3.7934084,21.988798,192442
3.8164322,22.508263,192456
3.827944,22.767996,192469
4.0774574,23.067709,192482
4.326971,23.36742,192495
4.659655,23.767038,192509
4.9091687,24.066751,192522
5.181032,24.34635,192535
5.452895,24.625948,192548
5.7247586,24.905546,192561
6.268485,25.464743,192693
6.268485,25.464743,192705
6.268485,25.464743,192855
6.268485,25.464743,192867
6.6584654,25.464743,192874
6.917539,25.096745,192882
7.053095,24.731081,192895
7.1886506,24.365417,192908
7.3242064,23.999754,192921
7.459762,23.634092,192934
7.595318,23.268429,193096
7.595318,23.268429,193107
7.595318,23.268429,193121
7.595318,22.878448,193135
7.610466,22.488762,193148
7.625614,22.099075,193160
7.6407623,21.70939,193173
7.6559105,21.319704,193186
7.6710587,20.930017,193199
7.715994,20.808037,193212
7.715994,20.808037,193353
7.715994,20.808037,193365
7.715994,20.808037,193379
7.715994,20.808037,193392
7.829251,20.497625,193405
7.8340816,20.140984,193417
7.980631,20.0209,193429
8.020036,19.696146,193441
8.020036,19.365005,193454
8.020023,18.988966,193467
8.020023,18.642792,193481
8.020023,18.642792,193613
8.020023,18.642792,193622
8.020023,18.642792,193633
8.020023,18.252811,193646
7.9302597,18.11839,193659
7.6360226,18.026342,193673
7.252047,18.040117,193686
6.7464576,18.161575,193700
6.3573556,18.187735,193714
5.9857574,18.205568,193727
5.885323,18.083096,193741
5.8313603,18.052135,193754
5.67675,17.843117,193765
5.3675294,17.42508,193772
5.1356144,17.111551,193781
4.8263936,16.693512,193795
4.594478,16.379984,193809
4.3625627,16.066456,193822
4.130647,15.752928,193836
3.8122442,15.341895,193850
3.5711925,15.035336,193863
3.3301408,14.728776,193876
3.0890892,14.422215,193888
2.8464682,14.116897,193901
2.6038473,13.811578,193914
2.3612263,13.506258,193927
2.1186054,13.200939,193940
1.956858,12.997393,193952
2.041773,12.616769,193966
2.1266882,12.236146,193980
2.2965188,11.474899,194893
2.2965188,11.474899,194906
2.2965188,11.474899,194932
2.2965188,11.474899,195095
2.2965188,11.474899,198675
