posx,posz,time
2.0,1.0,97
2.0,1.0,629
1.6462842,1.1642251,672
1.354041,1.2016577,704
1.163507,1.4760324,756
1.0518965,1.8497005,799
0.94028586,2.2233686,843
0.8658788,2.4724808,887
0.8658788,2.4724808,1083
0.8658788,2.4724808,1085
0.8658788,2.4724808,1087
0.8658788,2.4724808,1089
1.2145765,2.647108,1093
1.6152021,2.904867,1098
2.0933998,3.0799608,1103
2.5963926,3.0799901,1130
2.9823127,3.1008132,1156
3.495572,3.1799839,1186
3.8519075,3.0215228,1214
4.208243,2.8630617,1239
4.5971274,2.8338444,1261
4.9859324,2.8200073,1280
5.3721576,2.8200076,1299
5.580988,2.8200076,1318
5.849565,2.5838497,1335
6.0897784,2.2766328,1362
6.3299923,1.9694159,1390
6.570206,1.662199,1422
6.8104196,1.3549823,1451
7.0506334,1.0477654,1477
7.1307044,0.94535977,1494
7.1307044,0.94535977,1515
7.1584206,1.334354,1533
7.179993,1.7233484,1550
7.179993,2.2407725,1566
7.179993,2.496601,1583
7.179993,2.8852248,1598
7.179993,3.2712529,1616
7.179993,3.5913887,1633
7.3582487,3.8009782,1651
7.735699,3.8200047,1670
8.254521,3.8200047,1689
8.587937,3.8200047,1709
8.793429,3.65794,1732
8.855644,3.2776048,1754
8.896062,2.8897245,1883
8.896062,2.8897245,1912
8.822691,3.2727406,1942
8.819809,3.599494,1964
8.678371,3.7791066,1986
8.314572,3.820005,2006
7.9259877,3.820005,2025
7.66725,3.8200052,2043
7.448943,3.8200052,2061
7.0694604,3.7301292,2079
6.6899776,3.6402535,2097
6.310495,3.5503778,2113
6.057506,3.4904606,2132
5.8272686,3.3696969,2151
5.653208,3.2056758,2169
5.280451,3.1796727,2188
4.8908877,3.1799958,2205
4.5017657,3.1799958,2225
4.114551,3.1799958,2246
3.9246306,2.839386,2271
3.9595072,2.450968,2297
3.982758,2.1920228,2593
3.982758,2.1920228,2614
3.982758,2.1920228,2870
3.9225492,2.3072324,2897
3.8132677,2.6199703,2926
3.6674,2.7856717,2950
3.3000472,2.8200035,2978
1.8750817,2.8200033,3277
1.8750817,2.8200033,3302
1.746307,2.8200033,3327
1.4250635,2.8200033,3353
1.2686762,2.7324717,3379
1.179992,2.4199378,3405
1.179992,1.9029317,3433
1.179992,1.6484029,3460
1.179992,1.6484029,3487
1.179992,2.036355,3518
1.179992,2.2926068,3547
1.1833621,2.6040282,3577
1.4298189,2.8261971,3611
1.7885332,2.9791965,3635
2.1471043,3.0799608,3662
2.5350306,3.0799906,3687
2.9213662,3.0996265,3713
3.4353738,3.1781704,3737
3.7954097,3.0283074,3759
4.1554456,2.8784442,3780
4.544085,2.8461308,3801
4.9327245,2.8200083,3822
5.319764,2.8200083,3842
5.6371484,2.8049946,3864
5.894825,2.5281408,3886
6.214487,2.1180334,3907
6.454601,1.8107387,3926
6.694715,1.503444,3946
6.9348288,1.1961492,3967
7.094905,0.9912861,3988
7.094905,0.9912861,4008
7.094905,0.9912861,4028
7.094905,1.3812666,4052
7.146019,1.8978764,4083
7.179987,2.2836714,4112
7.179994,2.6727471,4139
7.179994,3.060676,4168
7.179994,3.316858,4187
7.193123,3.6331265,4204
7.419014,3.8231115,4222
7.7629337,3.8200037,4239
8.152205,3.8200037,4257
8.510679,3.8200037,4275
8.751262,3.7165368,4293
8.855537,3.23101,4313
8.884703,2.972664,4333
9.076889,3.3120008,4351
9.140951,3.4251127,4371
9.140951,3.4251127,4451
9.140951,3.4251127,4476
9.140951,3.8150933,4498
8.881472,3.79886,4520
8.511626,3.841329,4539
8.122703,3.8200073,4565
7.73386,3.8200057,4595
7.408591,3.8200057,4624
7.1559343,3.7587025,4651
6.650622,3.636096,4675
6.271638,3.544141,4691
6.0189815,3.482838,4709
5.7914834,3.3569894,4728
5.609096,3.1851308,4745
5.223372,3.1799958,4764
4.70409,3.1799958,4788
4.0584307,3.1799958,5085
4.0584307,3.1799958,5111
4.448043,3.1799963,5139
4.837302,3.1799963,5166
5.225254,3.1799963,5193
5.5584283,3.1799963,5222
5.750384,3.284886,5242
5.82002,3.6156104,5263
5.82002,3.6156104,5283
5.82002,3.6156104,5303
6.2100005,3.6156104,5322
6.599938,3.6098132,5339
6.9898753,3.6040158,5356
7.232014,3.6986845,5372
7.403293,3.81929,5388
7.66158,3.8208938,5404
8.051026,3.8200045,5421
8.309996,3.8200045,5439
8.535261,3.8200045,5459
8.630071,3.7954433,5478
8.79909,3.6439514,5498
8.823972,3.267574,5519
8.820003,2.8777277,5539
8.820003,2.4879315,5559
8.820003,2.0982382,5579
8.820003,1.5790428,5605
8.820003,1.1907417,5637
8.820003,1.0621134,5668
8.820003,1.0621134,5699
8.820003,1.4519681,5728
8.820003,1.8417729,5751
8.820003,2.2314856,5770
8.820003,2.620999,5789
8.820003,3.0099633,5809
8.820003,3.3961134,5829
8.818008,3.6057496,5849
8.6678505,3.7860124,5870
8.29994,3.8200054,5890
7.911453,3.8200054,5910
7.652812,3.8200054,5929
7.4372644,3.8200054,5947
7.0579224,3.7295372,5963
6.6785808,3.6390693,5978
6.2992387,3.5486012,5994
6.046344,3.488289,6010
5.8168564,3.3661063,6027
5.540323,3.161723,6044
5.1739936,3.0279777,6062
4.8076644,2.8942325,6081
4.477922,2.8200498,6104
4.298468,2.7602587,6134
4.152154,2.4439654,6164
4.0802493,2.0606713,6192
4.0083447,1.677377,6222
3.9124718,1.1663179,6246
3.5254235,1.1185845,6269
3.1383753,1.0708511,6295
2.7513273,1.0231175,6322
2.364279,0.9753842,6354
1.9772308,0.9276507,6385
1.5901827,0.87991726,6414
1.2031345,0.83218384,6442
1.0741185,0.8200123,6472
1.0741185,0.8200123,6512
1.0741185,0.8200123,6542
1.3341055,0.8200123,6571
1.7182335,0.8748656,6601
2.1019583,0.9444356,6631
2.4856832,1.0140055,6661
2.866495,1.0980729,6689
3.2473066,1.1799785,6717
3.5733604,1.1799785,6746
3.738366,1.2735654,6772
3.8200047,2.3773456,7077
3.8200047,2.3773456,7102
3.8200047,2.3773456,7425
3.8200047,2.3773456,7454
3.8200047,1.987365,7483
3.8200047,1.728316,7510
3.8200047,1.4046203,7537
3.7145758,1.2511791,7560
3.3813515,1.173994,7585
2.9917727,1.1799957,7614
2.6024182,1.1799957,7643
2.21364,1.1799957,7670
1.8268785,1.1799957,7699
1.6995784,1.1799957,7728
1.6995784,1.1799957,7756
1.396374,1.1842785,7781
1.2285501,1.311925,7808
1.1799916,1.6660849,7836
1.1799916,2.0539403,7862
1.1799916,2.309894,7890
1.1799916,2.309894,7916
1.1799916,2.309894,7942
1.1799916,2.309894,7968
1.1887629,2.6197875,7994
1.1887629,2.6197875,8331
1.1887629,2.6197875,8359
1.1887629,2.6197875,8386
1.1887629,2.6197875,8414
1.4505509,2.8385751,8442
1.8097461,2.990442,8471
2.1674764,3.079961,8498
2.555348,3.0799906,8525
3.069997,3.1200185,8553
3.4548402,3.1799846,8578
3.8135817,3.027049,8602
4.172323,2.8741136,8625
4.5610285,2.8426032,8647
4.949734,2.820008,8666
5.3365455,2.820008,8683
5.6512666,2.7979183,8711
5.907062,2.5145354,8741
6.146576,2.2067733,8766
6.3865013,1.8993313,8794
6.706397,1.4894053,8820
6.9463196,1.1819607,8836
7.1062675,0.97699773,8852
7.1062675,0.97699773,8869
7.1062675,0.97699773,8884
7.1062675,1.3669783,8900
7.1376805,1.755054,8915
7.179988,2.2710943,8931
7.179994,2.6601892,8948
7.179994,3.0481842,8964
7.179994,3.3045633,8982
7.188543,3.6219356,8999
7.4020433,3.818319,9015
7.7896843,3.8200047,9032
8.178893,3.8200045,9051
8.63568,3.8067966,9072
8.824622,3.5727975,9092
8.86515,3.1849287,9110
8.892169,2.9263494,9135
8.892169,2.9263494,9157
9.071088,3.2728648,9186
9.179941,3.592653,9214
9.319694,3.8105483,9242
9.319694,3.8105483,9270
9.319694,3.8105483,9293
9.704875,3.8314857,9315
9.704875,3.8314857,9335
9.704875,3.8314857,9358
9.704875,3.8314857,9382
9.704875,3.8314857,9673
9.704875,3.8314857,9696
9.444888,3.8314857,9718
9.177614,3.5841358,9746
9.179997,3.1942585,9774
9.179997,2.8044171,9803
9.179997,2.4146342,9831
9.179997,2.0249681,9861
9.179997,1.6355664,9883
9.179997,1.2469993,9904
9.179998,0.9900724,9926
9.179998,0.9900724,9949
9.144711,1.2476535,9970
9.064957,1.7614468,9991
9.002847,2.1464498,10011
8.961441,2.4031184,10030
8.896715,2.7876902,10050
8.83199,3.172262,10071
8.820039,3.518116,10095
8.785598,3.6557653,10120
8.566895,3.8268945,10143
8.17754,3.8200054,10162
7.6595645,3.8200054,10180
7.442698,3.8200054,10197
7.163042,3.6072156,10213
6.9164248,3.3051152,10230
7.124365,2.9751976,10247
7.124365,2.9751976,10520
7.124365,2.9751976,10538
7.124365,2.9751976,10556
6.864378,2.9751976,10572
6.478801,2.9275522,10590
5.967633,2.8322616,10608
5.578088,2.813835,10626
5.1950054,2.8200076,10643
4.806969,2.8200078,10663
4.4712067,2.8200078,10684
4.28626,2.7511516,10707
4.1501966,2.4221318,10734
4.07781,2.038928,10763
4.005423,1.6557246,10792
3.9089077,1.1447865,10822
3.8847787,1.0170519,10852
3.8847787,1.0170519,10893
3.8847787,1.0170519,10923
3.4947982,1.0170519,10951
2.9748242,1.0170519,10978
2.5848436,1.0170519,11332
2.7117717,1.0451161,11360
3.0908177,1.1368165,11387
3.343515,1.1799765,11414
3.65597,1.2045225,11442
3.824369,1.4220567,11470
3.8200037,1.8117148,11498
3.8200037,2.200865,11527
3.8200037,2.3301408,11555
3.8200037,2.3301408,11581
3.8200037,2.5523372,11606
3.7730668,2.6759658,11631
3.537509,2.8314905,11657
1.9854355,2.8200002,12001
1.9854355,2.8200002,12028
2.2402654,2.8715262,12054
2.6289406,2.8396468,12079
3.0175917,2.8200083,12107
3.4035916,2.8200083,12134
3.684584,3.0904303,12159
4.0418787,2.9341443,12186
4.4293833,2.8902714,12212
4.9460564,2.8317742,12232
5.332675,2.8200114,12249
5.648087,2.7996092,12266
5.904359,2.5176837,12283
6.1442366,2.2102046,12298
6.3841143,1.9027252,12314
6.623992,1.595246,12328
6.8638697,1.2877667,12346
7.103747,0.9802874,12364
7.103747,0.9802874,12382
7.103747,0.9802874,12400
7.103747,1.3702679,12419
7.1473193,1.7578065,12439
7.1799884,2.1453452,12457
7.1799884,2.5293713,12475
7.1799927,2.9178956,12493
7.1799927,3.3034008,12511
7.188135,3.6208594,12528
7.400435,3.8178115,12545
7.787806,3.8200047,12567
8.177019,3.8200045,12596
8.532159,3.8200045,12624
8.634001,3.8075507,12653
8.634001,3.8075507,12689
8.634001,3.8075507,12711
8.250501,3.8257422,12731
7.9911633,3.82001,12749
7.732099,3.8200073,12767
7.4073253,3.8200073,12784
7.0283575,3.7279854,12801
6.6493893,3.6359637,12818
6.2704215,3.5439417,12833
6.017776,3.4825935,12853
5.790371,3.3565772,12872
5.607616,3.1845825,12892
5.221572,3.1799958,12911
4.832049,3.1799958,12931
4.443053,3.1799958,12954
4.056667,3.179996,12978
3.8933663,2.8258524,13001
3.9433057,2.4390826,13023
3.9765987,2.1812363,13315
3.9765987,2.1812363,13337
3.9765987,2.1812363,13629
3.9191158,2.2978296,13654
3.8160505,2.6121554,13680
3.682263,2.7756004,13706
3.3214245,2.8200033,13734
1.8964852,2.820003,14078
1.8964852,2.820003,14105
1.6397339,2.820003,14134
1.4327146,2.820003,14161
1.2807759,2.743074,14189
1.1798718,2.4436946,14216
1.179992,2.0554113,14245
1.179992,1.6713643,14275
1.179992,1.6713643,14304
1.179992,1.6713643,14332
1.179992,2.0613449,14361
1.179992,2.3186622,14390
1.19183,2.6275294,14418
1.4611481,2.8440213,14447
1.8204758,2.9955745,14475
2.1776412,3.0799613,14500
2.5654845,3.0799904,14527
2.9516225,3.1001985,14553
3.336862,3.1608226,14580
3.593633,3.1799843,14605
3.9429686,3.006637,14630
4.175859,2.891072,14652
4.5641513,2.8548262,14674
4.952444,2.8200092,14694
5.339216,2.8200092,14714
5.653431,2.7967317,14732
5.9088845,2.5123632,14750
6.1487207,2.2048516,14766
6.3885574,1.8973402,14783
6.7083387,1.4873247,14800
6.948175,1.1798131,14817
7.108066,0.9748055,14835
7.108066,0.9748055,14854
7.108066,0.9748055,14873
7.108066,1.3647859,14902
7.150284,1.7524745,14933
7.1799893,2.1401632,14961
7.1799893,2.5243278,14990
7.179992,2.912868,15014
7.179992,3.2984602,15031
7.186447,3.6162536,15047
7.3935966,3.8155468,15066
7.7797184,3.8200047,15085
8.168952,3.8200047,15104
8.518669,3.8200045,15125
8.701304,3.7602963,15146
8.85078,3.3202865,15168
8.89144,2.9324315,15190
8.89144,2.9324315,15217
8.89144,2.9324315,15237
8.89144,3.1924186,15256
8.805181,3.6391006,15277
8.607152,3.8155332,15295
8.221666,3.8200064,15313
7.962641,3.8200064,15330
7.703701,3.8200064,15348
7.479359,3.8200064,15365
7.098745,3.7476168,15387
6.7199426,3.6549165,15414
6.2148724,3.531316,15442
5.860425,3.3686752,15469
5.6709843,3.2165258,15496
5.3052225,3.179996,15517
4.9156427,3.1799963,15536
4.5264745,3.1799963,15557
4.138996,3.1799963,15579
3.9387639,2.8453445,15603
3.96694,2.4563832,15626
3.985724,2.1970758,15908
3.985724,2.1970758,15930
3.985724,2.1970758,16250
3.9242022,2.3115892,16271
3.8119113,2.623513,16293
3.6604743,2.7899601,16315
3.291282,2.8206575,16337
1.8662962,2.8200033,16661
1.8662962,2.8200033,16689
1.7375715,2.8200035,16716
1.5131291,2.8200035,16742
1.259274,2.723466,16769
1.1787958,2.4007795,16797
1.1799916,2.012695,16823
1.1799916,1.6300019,16851
1.1799916,1.6300019,16879
1.1799916,1.6300019,16907
1.1799916,2.0199823,16935
1.1799916,2.2764826,16963
1.1799916,2.5896404,16991
1.4120166,2.8135664,17018
1.7700689,2.9681091,17045
2.2401469,3.0799603,17072
2.6278038,3.0799901,17098
3.0139124,3.1041052,17124
3.398721,3.1674078,17149
3.7618933,3.025314,17174
4.125066,2.8832202,17199
4.513655,2.85031,17225
4.902244,2.8200085,17251
5.2896338,2.8200085,17279
5.6099014,2.8157501,17306
5.8696294,2.5518374,17333
6.1103764,2.2450383,17349
6.3511233,1.9382392,17365
6.5918703,1.63144,17382
6.8326173,1.324641,17400
7.073364,1.0178418,17418
7.073364,1.0178418,17436
7.073364,1.0178418,17454
7.073364,1.4078224,17472
7.126686,1.7941402,17491
7.1799865,2.1803014,17509
7.1799865,2.5632463,17527
7.179992,2.951656,17544
7.179992,3.3365016,17561
7.2013454,3.6501737,17578
7.4457383,3.8286424,17595
7.7054863,3.8200045,17612
8.224423,3.8200042,17630
8.564423,3.8200042,17650
8.564423,3.8200042,17672
8.564423,3.8200042,17709
8.954403,3.8200042,17738
9.213436,3.797748,17768
8.823608,3.7868257,17797
8.452876,3.830389,17821
8.06384,3.8200064,17840
7.6753254,3.8200064,17857
7.4555717,3.8200064,17873
7.07601,3.7304633,17889
6.6964493,3.64092,17906
6.190367,3.521529,17923
5.8362412,3.35819,17942
5.64014,3.198758,17962
5.262934,3.1787267,17981
4.8733864,3.1799958,18002
4.484299,3.1799958,18023
4.097297,3.1799958,18049
3.9149861,2.835253,18074
3.9544752,2.447277,18097
3.980801,2.1886263,18404
3.980801,2.1886263,18426
3.980801,2.1886263,18730
3.9214604,2.3042853,18755
3.8141625,2.617544,18780
3.6720767,2.7826338,18806
3.3076735,2.8200035,18832
1.8826936,2.8200033,19177
1.8826936,2.8200033,19203
1.6261966,2.8200033,19229
1.4223846,2.8200033,19256
1.3256406,2.774601,19282
1.1796141,2.4117079,19311
1.1799917,2.0235639,19336
1.1799917,1.6404846,19364
1.1799917,1.6404846,19392
1.1799917,1.6404846,19418
1.1799917,2.0304651,19446
1.1799917,2.286809,19474
1.1817594,2.5986168,19502
1.4229597,2.821577,19530
1.7814493,2.9751022,19557
2.1399388,3.0799606,19584
2.5278842,3.0799906,19611
2.914264,3.099497,19638
3.299829,3.158016,19663
3.5568724,3.179985,19688
3.9090557,3.0124989,19713
4.261239,2.8450127,19737
4.5206876,2.8282874,19759
5.03924,2.8200064,19779
5.297074,2.8200064,19799
5.6168222,2.8133523,19817
5.876217,2.546123,19836
6.1167374,2.2391465,19852
6.357258,1.9321699,19869
6.5977783,1.6251934,19886
6.8382993,1.3182168,19904
7.0788198,1.0112401,19922
7.0788198,1.0112401,19941
7.0788198,1.0112401,19958
7.0788198,1.4012207,19974
7.1303635,1.7877798,19991
7.179987,2.174339,20009
7.179987,2.5574887,20036
7.179992,2.9459188,20063
7.179992,3.3308864,20090
7.19889,3.6454155,20118
7.3301635,3.786084,20138
7.827794,3.8200042,20155
8.216897,3.8200042,20172
8.558386,3.8200042,20190
8.760913,3.7050986,20209
8.8457575,3.3433669,20235
8.887878,2.9556677,20267
8.887878,2.9556677,20289
8.82002,3.3381875,20313
8.794338,3.6597018,20338
8.566195,3.8269083,20360
8.176842,3.8200054,20378
7.7877874,3.8200054,20395
7.4419556,3.8200054,20412
7.0625567,3.7297761,20428
6.683158,3.6395469,20445
6.303759,3.5493176,20464
6.0508265,3.4891648,20484
5.8210335,3.3675568,20505
5.6460137,3.2017388,20530
5.270715,3.1790311,20556
4.751383,3.1799955,20584
4.362612,3.1799955,20610
4.104959,3.1799955,20637
3.9192348,2.8370795,20663
3.956688,2.4489017,20690
3.9816568,2.1901166,21029
3.9816568,2.1901166,21054
3.9816568,2.1901166,21357
3.9219363,2.30558,21379
3.8137717,2.6186128,21403
3.6700234,2.7839823,21428
3.3037694,2.8200035,21454
1.8788066,2.8200033,21801
1.8788066,2.8200033,21830
1.7320558,2.8200142,21858
1.4148984,2.8200142,21887
1.2536651,2.7177362,21915
1.1783695,2.3890579,21944
1.1799914,2.0010355,21970
1.1799914,1.7445208,21999
1.1799914,1.7445208,22028
1.1799914,1.7445208,22059
1.1799914,2.1345012,22087
1.1799914,2.4782822,22116
1.3874171,2.8083065,22143
1.7461562,2.9612474,22170
2.1048956,3.0799608,22198
2.492929,3.079991,22222
2.8795702,3.0803823,22248
3.2642741,3.1443179,22271
3.648499,3.1799836,22296
3.9929872,2.9971924,22320
4.222646,2.8753316,22343
4.6112266,2.8423147,22366
4.999807,2.8200085,22387
5.3857613,2.8200085,22406
5.591505,2.8200085,22430
5.856061,2.5704737,22456
6.096696,2.2635868,22482
6.337331,1.9566998,22508
6.5779657,1.6498129,22537
6.8988123,1.2406303,22564
7.139447,0.93374324,22588
7.139447,0.93374324,22616
7.139447,0.93374324,22644
7.139447,1.3237238,22673
7.1720653,1.7123377,22701
7.1799917,2.1007082,22729
7.1799917,2.4857829,22756
7.1799927,2.8744369,22781
7.1799927,3.2606173,22807
7.2262497,3.6880956,22835
7.3887444,3.8142445,22863
7.774162,3.8200047,22891
8.163408,3.8200047,22920
8.513952,3.8200047,22950
8.693171,3.765929,22980
8.834119,3.4635177,23008
8.875565,3.0757458,23037
8.8893795,2.9464884,23074
8.8893795,2.9464884,23100
9.073751,3.2901335,23128
9.180723,3.6014247,23155
9.180723,3.6014247,23183
9.332531,3.80821,23212
9.332531,3.80821,23240
9.332531,3.80821,23268
9.718185,3.820001,23298
9.718185,3.820001,23326
9.718185,3.820001,23354
9.718185,3.820001,23380
9.718185,3.820001,23748
9.718185,3.820001,23778
9.328204,3.820001,23805
9.182466,3.5707922,23829
9.179483,3.0543535,23854
9.1799965,2.6645303,23881
9.1799965,2.27478,23908
9.1799965,1.8851826,23935
9.1799965,1.4959645,23961
9.179997,1.108219,23990
9.179997,0.9803448,24018
9.179997,0.9803448,24044
9.1277485,1.3668094,24072
9.065892,1.751853,24099
8.983417,2.2652445,24123
8.919036,2.649874,24142
8.854655,3.0345035,24161
8.820017,3.290923,24179
8.814138,3.6173794,24197
8.647527,3.7977488,24216
8.2725725,3.8200061,24235
7.884296,3.8200061,24253
7.6258698,3.8200061,24274
7.41613,3.8200061,24293
7.228576,3.6756732,24313
6.896125,3.275862,24334
7.1209116,2.957184,24362
7.1209116,2.957184,24667
7.1209116,2.957184,24691
7.1209116,2.957184,24714
6.730931,2.957184,24735
6.346551,2.89133,24750
5.962171,2.8254757,24766
5.573338,2.811662,24783
5.192279,2.8200078,24801
4.8042607,2.8200078,24820
4.461448,2.8200078,24842
4.269487,2.737066,24861
4.1514907,2.3926268,24887
4.07753,2.009724,24914
4.0035696,1.6268209,24942
3.929609,1.2439181,24970
3.8803022,0.9886494,24997
3.8803022,0.9886494,25022
3.8803022,0.9886494,25040
3.8803022,1.3786299,25062
4.010573,1.8762025,25085
4.1408434,2.2437816,25107
4.1799498,2.5629756,25129
4.3525186,2.798648,25151
4.719498,2.9305987,25172
5.0864773,3.0625494,25193
5.33113,3.1505167,25212
5.6437817,3.1982074,25230
5.6437817,3.1982074,25249
5.6437817,3.1982074,25267
6.033762,3.1982074,25285
6.4043555,3.319637,25300
6.774949,3.4410667,25316
7.0220113,3.52202,25333
7.225339,3.6672225,25349
7.4817715,3.8328884,25366
7.8713,3.8200047,25390
8.260253,3.8200047,25419
8.778868,3.8084702,25446
9.168464,3.7911696,25475
9.278456,3.8604522,25505
9.278456,3.8604522,25526
9.278456,3.8604522,25550
9.66799,3.8604522,25576
9.66799,3.8604522,25601
9.66799,3.8604522,25625
9.66799,3.8604522,25647
9.66799,3.8604522,25949
9.66799,3.8604522,25973
9.278009,3.8604522,26003
9.171638,3.5561635,26032
9.179997,3.1663013,26058
9.179997,2.776463,26086
9.179997,2.3866858,26111
9.179997,1.9970318,26130
9.179997,1.6076611,26151
9.179997,1.2192166,26173
9.179997,0.96278834,26197
9.179997,0.96278834,26221
9.12894,1.3494121,26245
9.067543,1.7345291,26267
9.0061455,2.1196463,26286
8.965215,2.376391,26308
8.900711,2.761,26328
8.836207,3.145609,26347
8.820038,3.4950922,26365
8.752038,3.709427,26384
8.326111,3.8200054,26403
7.937457,3.8200054,26421
7.67865,3.8200054,26440
7.4583197,3.8200054,26457
7.1764913,3.6251209,26473
6.9302363,3.3227248,26488
7.1274085,2.986261,26515
7.1274085,2.986261,26765
7.1274085,2.986261,26781
7.1274085,2.986261,26797
6.867421,2.986261,26812
6.354692,2.9114413,26828
5.971956,2.836622,26845
5.5824623,2.817141,26862
5.196805,2.820007,26880
4.808756,2.820007,26900
4.4726276,2.8200068,26923
4.2888002,2.7531204,26946
4.150333,2.4272637,26971
4.054118,1.9162691,26999
3.9819016,1.5330335,27027
3.9096847,1.1497979,27055
3.8856122,1.0220526,27086
3.8856122,1.0220526,27118
3.8856122,1.0220526,27140
3.8856122,1.4120332,27164
4.004653,1.783401,27188
4.1236935,2.154769,27210
4.1799536,2.4916441,27233
4.2451525,2.7126477,27257
4.5798445,2.8784897,27279
5.0688543,3.0552444,27300
5.3133593,3.1436217,27318
5.6277943,3.190921,27336
5.6277943,3.190921,27354
5.6277943,3.190921,27373
6.017775,3.190921,27391
6.3881874,3.3129022,27410
6.882071,3.4755435,27428
7.2240787,3.6621742,27444
7.4741178,3.8324816,27463
7.86366,3.8200047,27482
8.252642,3.8200047,27510
8.6423235,3.814279,27540
9.031925,3.7971058,27568
9.270467,3.900505,27598
9.270467,3.900505,27624
9.270467,3.900505,27647
9.660055,3.900505,27670
9.660055,3.900505,27693
9.660055,3.900505,27717
9.660055,3.900505,27740
9.660055,3.900505,28054
9.660055,3.900505,28079
9.400068,3.900505,28102
9.17753,3.5905704,28132
9.179997,3.2006924,28162
9.179997,2.8108504,28190
9.179997,2.4210663,28220
9.179997,2.0313973,28245
9.179997,1.6419889,28268
9.179997,1.2533957,28289
9.179997,0.9963692,28312
9.179997,0.9963692,28336
9.126614,1.3826786,28360
9.064342,1.7676551,28382
9.002069,2.1526318,28402
8.960555,2.4092827,28424
8.895782,2.7938466,28446
8.83101,3.1784103,28468
8.820038,3.5233603,28490
8.7196865,3.745677,28510
8.255951,3.8200064,28531
7.8678265,3.8200064,28551
7.7383976,3.8200064,28570
7.411874,3.8200064,28586
7.141623,3.5722396,28601
6.8926,3.2721193,28617
7.1199265,2.955248,28632
7.1199265,2.955248,28887
7.1199265,2.955248,28904
7.1199265,2.955248,28920
6.729946,2.955248,28935
6.216927,2.881926,28951
5.8339014,2.808604,28966
5.4563303,2.8387327,28983
5.067533,2.8200078,29001
4.680761,2.8200078,29020
4.370943,2.8073645,29041
4.176948,2.5765462,29061
4.105059,2.1932487,29083
4.0331707,1.8099515,29109
3.9373193,1.2988886,29139
3.8893933,1.043357,29168
3.8893933,1.043357,29197
3.8893933,1.043357,29237
3.4994128,1.043357,29259
2.5894585,1.043357,29593
2.5894585,1.043357,29621
2.5894585,1.043357,29980
2.7179592,1.0630003,30010
2.9716945,1.119671,30038
3.3522978,1.1799781,30065
3.6630046,1.2086507,30092
3.8275976,1.436959,30117
3.8200042,1.8265814,30144
3.8200042,2.215688,30169
3.8200042,2.344905,30196
3.8200042,2.344905,30222
3.8200042,2.5646186,30248
3.7894428,2.6447215,30273
3.4838245,2.8305788,30300
2.0610697,2.8200052,30646
2.0610697,2.8200052,30674
2.1875112,2.8501856,30700
2.5766993,2.8253365,30727
2.9657242,2.8200064,30754
3.3525918,2.8200064,30779
3.6480227,3.0745757,30806
4.010459,2.930615,30830
4.3981557,2.888471,30854
4.9150844,2.8322787,30875
5.3021016,2.820011,30894
5.6214323,2.8116314,30912
5.8805356,2.542204,30931
6.120921,2.2351217,30948
6.361307,1.9280397,30966
6.601693,1.6209575,30984
6.8420787,1.3138754,31001
7.0824647,1.0067933,31024
7.0824647,1.0067933,31054
7.0824647,1.0067933,31084
7.0824647,1.3967737,31112
7.132827,1.7834886,31141
7.1799874,2.1702034,31159
7.1799874,2.5534897,31176
7.179992,2.9419339,31194
7.179992,3.3269837,31213
7.179992,3.543018,31231
7.4328723,3.8262808,31249
7.8225093,3.820004,31267
8.211628,3.820004,31287
8.554125,3.820004,31307
8.554125,3.820004,31328
8.554125,3.820004,31353
8.944105,3.820004,31375
9.203178,3.798226,31397
8.813365,3.7868252,31420
8.312722,3.820006,31441
7.92415,3.820006,31460
7.665424,3.820006,31478
7.4474535,3.820006,31496
7.0679884,3.7300549,31513
6.688524,3.6401038,31537
6.3090587,3.5501528,31566
6.0560822,3.4901853,31596
5.825938,3.369243,31623
5.6516905,3.2048252,31651
5.278384,3.1795099,31668
4.888823,3.1799958,31686
4.4997053,3.1799958,31707
4.1125145,3.1799958,31730
3.923478,2.8388946,31755
3.958904,2.4505265,31778
3.9825213,2.1916146,32062
3.9825213,2.1916146,32085
3.9825213,2.1916146,32410
3.9224174,2.3068788,32434
3.8133762,2.6196806,32459
3.6679614,2.7853134,32487
3.3008418,2.8200035,32515
1.8758768,2.8200033,32864
1.8758768,2.8200033,32892
1.7470977,2.8200033,32919
1.425636,2.8200035,32947
1.2695582,2.7332807,32975
1.179992,2.4217036,33002
1.179992,2.0335112,33031
1.179992,1.650105,33057
1.179992,1.650105,33086
1.179992,1.650105,33115
1.179992,2.0400856,33142
1.179992,2.2962768,33171
1.1844337,2.6074233,33200
1.4341903,2.8290021,33227
1.7930306,2.981706,33254
2.1514528,3.0799608,33281
2.5393677,3.0799906,33308
2.925676,3.0997062,33334
3.3111453,3.1588526,33361
3.5681248,3.1799848,33388
3.8023531,3.0671563,33414
4.27081,2.8414993,33441
4.660037,2.8200064,33469
5.0488358,2.8200064,33498
5.3065767,2.8200064,33527
5.625489,2.8100367,33549
5.884289,2.5386782,33566
6.124567,2.2315118,33584
6.3648453,1.9243455,33601
6.685216,1.5147904,33618
6.925494,1.2076241,33636
7.08568,1.0028466,33655
7.08568,1.0028466,33674
7.08568,1.0028466,33693
7.08568,1.3928272,33713
7.1350045,1.7796757,33731
7.179987,2.1665244,33747
7.179987,2.5499287,33765
7.179992,2.938385,33783
7.179992,3.3235064,33801
7.179992,3.5401154,33819
7.428129,3.8252702,33837
7.8177786,3.820004,33854
8.206911,3.820004,33873
8.550286,3.820004,33892
8.750159,3.7173123,33921
8.840562,3.3617775,33951
8.884426,2.9742718,33980
8.899047,2.845103,34020
8.899047,2.845103,34042
8.828403,3.2286317,34061
8.820041,3.5647256,34082
8.662045,3.7899547,34102
8.161943,3.8200057,34122
7.7729416,3.8200057,34141
7.4377947,3.8200057,34159
7.0584464,3.7295647,34176
6.679098,3.6391234,34193
6.2997494,3.5486825,34209
6.0468507,3.4883885,34226
5.8173285,3.3662708,34244
5.6416397,3.199463,34262
5.135001,3.1799958,34282
4.74555,3.1799958,34301
4.3567977,3.1799958,34324
4.099208,3.1799958,34347
3.9160407,2.8357072,34372
3.9550238,2.4476802,34395
3.9810126,2.1889954,34694
3.9810126,2.1889954,34715
3.9810126,2.1889954,35018
3.921578,2.304606,35046
3.814066,2.617809,35074
3.6715682,2.78297,35101
3.3059716,2.8200035,35128
1.8810107,2.8200033,35471
1.8810107,2.8200033,35499
1.6245468,2.8200033,35526
1.4211417,2.8200035,35553
1.2627379,2.7268674,35580
1.1792841,2.4079092,35608
1.1799916,2.0197861,35636
1.1799916,1.6368374,35664
1.1799916,1.6368374,35693
1.1799916,1.6368374,35722
1.1799916,2.0268178,35750
1.1799916,2.2832174,35780
1.18086,2.595237,35807
1.4187531,2.8186035,35834
1.7770876,2.9724903,35861
2.135422,3.0799606,35887
2.523379,3.0799906,35913
2.9097865,3.099416,35939
3.4239218,3.1771178,35965
3.7846866,3.0290177,35991
4.145451,2.8809175,36015
4.534054,2.8481624,36036
4.922656,2.8200083,36055
5.3098187,2.8200083,36075
5.628397,2.8088427,36093
5.886952,2.536107,36112
6.206815,2.1261568,36129
6.4471164,1.8190088,36145
6.687418,1.5118607,36162
6.9277196,1.2047127,36180
7.0879207,0.9999474,36199
7.0879207,0.9999474,36219
7.0879207,0.9999474,36245
7.0879207,1.389928,36274
7.13652,1.7768685,36303
7.179988,2.1638088,36332
7.179988,2.5472984,36361
7.1799927,2.9357638,36378
7.1799927,3.3209372,36396
7.194743,3.6367555,36415
7.4246135,3.8244712,36431
7.8142695,3.820004,36448
8.203412,3.8200037,36467
8.554463,3.820004,36486
8.6824045,3.772857,36505
8.843375,3.3522851,36526
8.886277,2.9646716,36546
8.886277,2.9646716,36571
8.886277,2.9646716,36592
8.886277,3.3546522,36614
8.790252,3.666344,36633
8.552455,3.8293097,36653
8.163165,3.8200057,36672
7.7741585,3.8200057,36691
7.438736,3.8200057,36709
7.185829,3.7597435,36726
6.8064694,3.6693504,36751
6.3006563,3.5488265,36779
6.0477495,3.4885643,36807
5.818166,3.3665624,36833
5.642635,3.1999729,36860
5.2661986,3.1788437,36877
4.876648,3.1799958,36896
4.487554,3.1799958,36917
4.100511,3.1799958,36941
3.9167616,2.8360176,36964
3.955399,2.4479558,36987
3.9811575,2.189248,37262
3.9811575,2.189248,37284
3.9811575,2.189248,37604
3.9216585,2.3048255,37629
3.8139997,2.6179905,37655
3.6712198,2.783199,37682
3.3054748,2.8200033,37709
1.8805132,2.8200033,38053
1.8805132,2.8200033,38080
1.6240592,2.8200033,38105
1.4207752,2.8200033,38131
1.262192,2.7263381,38158
1.1791964,2.4067912,38184
1.1799916,2.0186744,38209
1.1799916,1.6357646,38232
1.1799916,1.6357646,38260
1.1799916,1.6357646,38288
1.1799916,2.0257452,38316
1.1799916,2.2821608,38344
1.1805978,2.594239,38371
1.4175196,2.8177118,38400
1.8952352,3.0230427,38422
2.1340928,3.0799606,38446
2.5220532,3.0799909,38471
2.9084685,3.0993927,38497
3.294081,3.1575978,38523
3.551156,3.179985,38549
3.9037566,3.0133789,38574
4.256357,2.8467727,38602
4.645502,2.821262,38629
5.034334,2.8200066,38655
5.2922134,2.8200064,38684
5.6123137,2.8149393,38708
5.8719397,2.5498688,38725
6.112604,2.243005,38743
6.353269,1.9361416,38761
6.593934,1.6292781,38778
6.8345985,1.3224145,38796
7.0752635,1.015551,38814
7.0752635,1.015551,38834
7.0752635,1.015551,38853
7.0752635,1.275538,38873
7.127965,1.7919345,38892
7.1799865,2.1783376,38910
7.1799865,2.5613508,38929
7.179992,2.9497676,38947
7.179992,3.3346536,38967
7.2005286,3.6486185,38985
7.443255,3.8282294,39003
7.703008,3.8200042,39020
8.221954,3.8200042,39040
8.5624485,3.8200042,39060
8.766017,3.6988285,39087
8.847962,3.3341439,39118
8.889399,2.946371,39148
8.889399,2.946371,39175
8.82002,3.328927,39199
8.798736,3.6519241,39219
8.581952,3.823286,39239
8.192708,3.8200054,39259
7.933818,3.8200054,39278
7.675032,3.8200054,39297
7.4553294,3.8200054,39315
7.0757713,3.7304502,39333
6.696213,3.6408951,39349
6.316654,3.5513399,39367
6.0636153,3.4916365,39384
5.832981,3.371632,39402
5.6596174,3.209392,39420
5.2892594,3.1799958,39439
4.8996897,3.179996,39460
4.3810744,3.179996,39482
4.1232376,3.179996,39505
3.9295902,2.8414912,39530
3.9621074,2.4528687,39554
3.9837854,2.193787,39859
3.9837854,2.193787,39884
3.9837854,2.193787,40195
3.9231212,2.3087573,40224
3.8200583,2.520139,40252
3.6681106,2.7850695,40279
3.3011968,2.8200035,40306
1.8762317,2.8200035,40647
1.8762317,2.8200035,40675
1.7474508,2.8200035,40703
1.4258919,2.8200035,40731
1.2699535,2.7336411,40757
1.179992,2.4224932,40786
1.179992,1.905466,40815
1.179992,1.6508664,40844
1.179992,1.6508664,40874
1.179992,2.0388055,40903
1.179992,2.2950175,40932
1.1840614,2.6062613,40961
1.4326884,2.8280504,40990
1.9110864,3.031786,41018
2.149962,3.079961,41044
2.5378807,3.0799906,41072
2.9241984,3.0996788,41099
3.3096802,3.1587431,41126
3.566668,3.1799848,41153
3.918121,3.0109713,41178
4.269574,2.8419578,41200
4.7885127,2.8200061,41223
5.047597,2.8200064,41242
5.30535,2.8200064,41263
5.624382,2.81048,41283
5.883269,2.539647,41301
6.123575,2.2325032,41319
6.363882,1.925359,41336
6.6041884,1.6182148,41353
6.8444953,1.3110707,41370
7.0848017,1.0039265,41390
7.0848017,1.0039265,41411
7.0848017,1.0039265,41434
7.0848017,1.3939071,41464
7.1344094,1.7807195,41494
7.1799874,2.167532,41522
7.1799874,2.5509043,41550
7.1799927,2.9393573,41572
7.1799927,3.3244593,41590
7.19618,3.6398535,41609
7.429431,3.825555,41627
7.819077,3.820004,41645
8.208206,3.820004,41664
8.551343,3.820004,41684
8.751604,3.715743,41703
8.8413,3.3593793,41724
8.884909,2.9718447,41745
8.884909,2.9718447,41772
8.884909,2.9718447,41794
8.884909,3.3618252,41814
8.786582,3.6719363,41835
8.5407095,3.830803,41855
8.151467,3.820006,41874
7.762504,3.8200054,41893
7.429798,3.8200054,41911
7.0505476,3.7291548,41929
6.671297,3.6383042,41949
6.2920465,3.5474534,41978
6.039213,3.4868863,42004
5.8102226,3.3637743,42032
5.6330466,3.195241,42060
5.1237054,3.1799958,42082
4.7342644,3.1799958,42102
4.345551,3.1799958,42124
4.0880904,3.1799958,42148
3.9099524,2.8330781,42165
3.9518614,2.4453561,42185
3.9798007,2.1868746,42457
3.9798007,2.1868746,42480
3.9798007,2.1868746,42798
3.9209034,2.3027601,42823
3.8146176,2.6162794,42847
3.5709772,2.8261259,42874
3.181189,2.820003,42899
1.7564605,2.820003,43240
1.7564605,2.820003,43267
1.6287426,2.820003,43294
1.4243094,2.820003,43321
1.2675202,2.7314024,43350
1.1799918,2.4176154,43376
1.1799918,2.029441,43404
1.1799918,1.6461657,43432
1.1799918,1.6461657,43462
1.1799918,1.6461657,43489
1.1799918,2.0361462,43518
1.1799918,2.2924013,43547
1.1799918,2.5107806,43575
1.4295745,2.8260374,43603
1.7882814,2.9790542,43630
2.1468604,3.079961,43658
2.5347874,3.0799909,43684
2.9211247,3.0996222,43710
3.3066325,3.158517,43737
3.5636375,3.1799848,43762
3.7980917,3.067626,43785
4.2669997,2.8429081,43811
4.656205,2.8200064,43838
5.045016,2.8200064,43865
5.3027945,2.8200061,43894
5.622064,2.8113897,43922
5.8811226,2.541659,43941
6.1214914,2.2345634,43958
6.36186,1.9274676,43975
6.682351,1.5180067,43993
6.9227195,1.2109109,44009
7.082965,1.0061804,44026
7.082965,1.0061804,44043
7.082965,1.0061804,44061
7.082965,1.3961608,44078
7.133166,1.7828968,44095
7.179987,2.1696327,44112
7.179987,2.5529373,44129
7.179992,2.9413836,44145
7.179992,3.3264444,44161
7.1970053,3.641584,44177
7.432138,3.8261292,44195
7.821777,3.820004,44214
8.210898,3.820004,44233
8.553532,3.820004,44253
8.75456,3.7124662,44277
8.8427725,3.3544014,44307
8.885879,2.9668105,44339
8.885879,2.9668105,44367
9.076234,3.3071773,44396
9.186105,3.6180115,44416
9.186105,3.6180115,44438
9.34663,3.821283,44462
9.34663,3.821283,44487
9.34663,3.821283,44512
9.735981,3.821283,44537
9.735981,3.821283,44562
9.607082,3.8200128,44586
9.607082,3.8200128,44611
9.607082,3.8200128,44947
9.607082,3.8200128,44977
9.217102,3.8200128,45006
9.173705,3.452134,45035
9.179997,3.0622735,45055
9.179997,2.6724486,45074
9.179997,2.2827003,45096
9.179997,1.7632935,45119
9.179997,1.3743186,45141
9.179997,0.98808837,45164
9.179997,0.98808837,45188
9.179997,0.98808837,45212
9.179997,1.3780689,45235
9.102481,1.7602677,45257
9.024965,2.1424665,45279
8.973288,2.397266,45302
8.905192,2.7812552,45323
8.837097,3.1652448,45343
8.820039,3.5118575,45365
8.791319,3.6437547,45385
8.591115,3.8208458,45405
8.20285,3.820006,45425
7.9439096,3.820006,45444
7.685066,3.820006,45469
7.463654,3.820006,45497
7.181499,3.6310484,45525
6.9351883,3.3286977,45550
7.1286016,2.9900591,45578
7.1286016,2.9900591,45780
7.1286016,2.9900591,45796
7.1286016,2.9900591,45814
6.738621,2.9900591,45832
6.3561087,2.9141064,45850
5.9735956,2.8381536,45870
5.5841208,2.8183055,45890
5.1976876,2.8200068,45909
4.8096333,2.8200068,45937
4.371416,2.8075664,45964
4.1771073,2.5774837,45991
4.1052217,2.1941857,46018
4.0333366,1.8108879,46042
3.9614515,1.42759,46065
3.8895664,1.0442921,46090
3.8895664,1.0442921,46116
3.8895664,1.0442921,46145
3.4995859,1.0442921,46174
3.4644887,1.1331344,46203
3.65899,1.2054546,46230
3.825717,1.4278538,46255
3.820004,1.8174995,46281
3.820004,2.206633,46306
3.8275487,2.5965407,46331
3.8350935,2.986448,46356
4.221021,3.0425272,46378
4.6069484,3.098606,46399
5.121518,3.1733782,46416
5.472107,3.1799638,46434
5.8507113,3.2437022,46452
6.2287955,3.33929,46470
6.60688,3.4348776,46491
6.9849644,3.5304651,46518
7.2129245,3.6554751,46546
7.459016,3.8307667,46573
7.8485904,3.8200045,46600
8.237625,3.8200045,46621
8.574865,3.8200045,46640
8.780376,3.679186,46661
8.853046,3.3062117,46680
8.893237,2.9183075,46700
8.953293,2.532979,46718
9.013348,2.1476505,46736
9.077107,1.7629175,46756
9.140866,1.3781844,46774
9.179983,0.9936621,47016
9.179983,0.9936621,47046
9.179983,0.9936621,47076
9.179983,1.3836427,47104
9.179997,1.7734581,47130
9.179997,2.1631887,47150
9.179997,2.6825314,47169
9.179997,3.0713224,47190
9.179997,3.3290384,47212
9.201313,3.6520257,47235
9.201313,3.6520257,47550
9.201313,3.6520257,47573
9.201313,3.6520257,47595
9.201313,4.0420065,47624
8.841976,3.8904748,47652
8.583157,3.8658674,47679
8.065516,3.8200095,47706
7.676991,3.8200064,47724
7.4569473,3.8200064,47740
7.308763,3.7644448,47756
7.1669855,3.50449,47771
7.179988,3.1183195,47787
7.179988,2.9914503,47805
7.179988,2.9914503,47822
6.7940245,2.935618,47838
6.4080615,2.8797853,47854
6.0220985,2.823953,47870
5.6324363,2.8082016,47887
5.2514668,2.8200066,47904
4.8631015,2.8200064,47924
4.5172396,2.8200066,47945
4.3680706,2.7979672,47965
4.175297,2.5668943,47985
4.0797453,2.055776,48006
3.8876789,1.033718,48311
3.8876789,1.033718,48333
3.8876789,1.033718,48356
3.4976983,1.033718,48381
3.5935943,1.1911172,48405
3.7689943,1.3079406,48428
3.820223,1.6644872,48451
3.8200042,2.1835525,48475
3.8200042,2.5309763,48498
3.7024846,2.765171,48521
3.3382668,2.902995,48548
2.9712431,3.034822,48574
2.6042194,3.1666489,48602
2.3965023,3.181329,48628
2.2000926,3.3563268,48654
2.1799858,3.5996642,48992
2.1799858,3.5996642,49018
2.1799858,3.5996642,49044
2.1799858,3.9896448,49070
2.0893583,4.3689485,49095
2.020023,4.7482524,49122
1.9641579,5.12272,49148
1.8200475,5.46586,49176
1.8141214,5.573574,49202
1.7178944,5.7469063,49230
1.3871274,5.82001,49258
1.0006732,5.82001,49286
1.0006732,5.82001,49316
1.0006732,5.82001,49353
1.0006732,5.82001,49382
1.0006732,5.82001,49696
1.0006732,5.82001,49723
1.0006732,5.82001,50078
1.0006732,5.82001,50105
1.3906536,5.82001,50128
1.6046392,5.8191123,50150
1.6046392,5.8191123,50466
1.6046392,5.8191123,50494
1.6046392,5.8191123,50519
1.9946197,5.8191123,50547
2.3843362,5.8047624,50575
2.7613678,5.8200073,50604
3.1498623,5.820007,50632
3.4997003,5.820007,50662
3.7246332,5.7409964,50692
3.8314743,5.4163136,50719
3.8368685,5.0263705,50747
3.8368685,5.0263705,50770
